1,0.5986549,0.723907,0.896368,0.892301,0.89545,0.856573,0.938396,0.94051,0.84361,0.838744,0.822971,0.66472,0.714504,0.768735,0.867063,0.737214,0.8602,0.6976387,0.756723,0.792653,0.85561,0.813661,0.7384885,0.761667,0.954626,0.694434,0.758346,0.789022,0.746094,0.784256,0.905547,0.870644,0.820135,0.719222,0.814299,0.8183205,0.950654,0.838292,0.866907,0.942698,0.807733,0.780817,0.847845,0.729002,0.680901,0.647795,0.694095,0.838958,0.740906,0.869632,0.684764,0.800465,0.854843,0.866762,0.79533,0.814149,0.95545,0.842673,0.705337,0.678537,0.786113,0.743786,0.775133,0.834147,0.805685,0.773134,0.7662093,0.737449,0.774904,0.696334,0.882168,0.730994,0.733373,0.768738,0.820714,0.722776,0.787081,0.79121,0.757716,0.776967,0.790951,0.801293,0.905411,0.6345352,0.716506,0.775112,0.7218708,0.878084,0.6833036,0.807062,0.7913383,0.745972,0.920067,0.895631,0.806647,0.6708725,0.692401,0.789219,0.739302
0.5986549,1,0.6794849,0.655146,0.760996,0.609545,0.634559,0.639124,0.608872,0.6208685,0.68324,0.64468,0.74272,0.612669,0.672444,0.631212,0.712302,0.675593,0.683159,0.642465,0.670282,0.683447,0.709774,0.654757,0.723532,0.634002,0.73749,0.564365,0.677784,0.768928,0.5985226,0.708513,0.5626292,0.667264,0.681204,0.651789,0.717773,0.619265,0.720843,0.674438,0.640611,0.6134109,0.549999,0.599718,0.6145917,0.838023,0.730658,0.791286,0.570387,0.576464,0.660241,0.754388,0.720802,0.657414,0.622106,0.708293,0.709668,0.633255,0.6657464,0.719309,0.784852,0.664677,0.686011,0.666533,0.671767,0.633783,0.705289,0.666728,0.623569,0.632764,0.673219,0.5369453,0.75235,0.703076,0.757064,0.657271,0.659257,0.650294,0.5920631,0.631531,0.608364,0.591755,0.6024,0.572296,0.739716,0.748949,0.691821,0.79429,0.65016,0.684797,0.796146,0.679544,0.6876461,0.5694348,0.700749,0.620607,0.791247,0.762099,0.609673,0.610101
0.723907,0.6794849,1,0.754161,0.741889,0.867846,0.718268,0.823461,0.824972,0.6910975,0.774248,0.815074,0.742151,0.718104,0.865854,0.708932,0.862426,0.726844,0.815105,0.784421,0.780556,0.891522,0.758492,0.765396,0.75049,0.70837,0.723274,0.868902,0.824468,0.636707,0.859611,0.731459,0.754291,0.82801,0.938696,0.769589,0.764877,0.744655,0.815177,0.735954,0.727629,0.876477,0.868753,0.851252,0.903544,0.5145849,0.736463,0.686615,0.819279,0.694914,0.7365819,0.815094,0.729789,0.733091,0.927572,0.944624,0.805159,0.796498,0.80696,0.809048,0.715991,0.6902899,0.829256,0.874588,0.870831,0.810921,0.834419,0.824654,0.756291,0.730808,0.84427,0.717855,0.685015,0.83627,0.696364,0.804863,0.810464,0.836914,0.821646,0.734831,0.66102,0.757902,0.871335,0.819771,0.682318,0.684854,0.721329,0.677552,0.767292,0.694711,0.753401,0.779836,0.921529,0.770187,0.686441,0.810247,0.690512,0.6766072,0.921294,0.676271
0.896368,0.655146,0.754161,1,0.902575,0.88067,0.896696,0.875665,0.868836,0.862019,0.836637,0.903636,0.77073,0.832711,0.87742,0.948704,0.803485,0.863487,0.8032857,0.859832,0.912525,0.853048,0.826013,0.7575315,0.815713,0.904722,0.706509,0.75052,0.862576,0.718007,0.824583,0.852419,0.913386,0.908044,0.734268,0.742878,0.876438,0.949363,0.829521,0.872266,0.893112,0.7797393,0.782737,0.817554,0.79317,0.677014,0.719226,0.677074,0.801538,0.75106,0.840603,0.735329,0.936241,0.943063,0.829622,0.800404,0.826147,0.854347,0.938078,0.742329,0.670682,0.817091,0.791451,0.79187,0.850413,0.889691,0.801526,0.824172,0.772696,0.873815,0.777932,0.860873,0.707944,0.803639,0.782863,0.893927,0.830436,0.855624,0.8401,0.83935,0.825102,0.831182,0.835588,0.850914,0.685643,0.708188,0.800923,0.784101,0.824937,0.746166,0.808637,0.927561,0.748027,0.849685,0.876948,0.84746,0.717163,0.678306,0.797886,0.76206
0.892301,0.760996,0.741889,0.902575,1,0.828537,0.869525,0.884009,0.833841,0.829248,0.777969,0.801633,0.809972,0.730302,0.786169,0.883157,0.791936,0.885407,0.783328,0.804412,0.80971,0.81099,0.674784,0.692626,0.81515,0.873468,0.707334,0.73253,0.801983,0.62627,0.710246,0.796152,0.827845,0.829813,0.760099,0.781165,0.858793,0.895473,0.859657,0.793526,0.91669,0.791629,0.7376338,0.724603,0.728344,0.695801,0.7334027,0.676512,0.733097,0.709957,0.758779,0.707579,0.859008,0.891611,0.821129,0.769116,0.845639,0.887922,0.822845,0.660036,0.689257,0.814191,0.72899,0.750122,0.798329,0.786237,0.749632,0.798077,0.707538,0.836841,0.734338,0.823049,0.70954,0.683254,0.745947,0.808395,0.769854,0.773792,0.708785,0.754255,0.722101,0.760681,0.747838,0.754306,0.701615,0.719773,0.7789,0.758261,0.843241,0.612475,0.7543284,0.807816,0.6667432,0.799173,0.870519,0.752622,0.738903,0.69959,0.729047,0.682573
0.89545,0.609545,0.867846,0.88067,0.828537,1,0.799603,0.954268,0.940625,0.824707,0.785642,0.905771,0.737214,0.797544,0.827136,0.831731,0.8792,0.809633,0.758602,0.801345,0.866502,0.955928,0.810584,0.831888,0.782109,0.875954,0.706401,0.877688,0.846555,0.701613,0.897601,0.839,0.877047,0.886086,0.85676,0.77584,0.903963,0.860254,0.89485,0.874792,0.876291,0.926031,0.928752,0.908381,0.858231,0.652017,0.697814,0.65766038,0.908339,0.769148,0.840358,0.724787,0.821757,0.857709,0.95793,0.896725,0.83627,0.937769,0.907571,0.724648,0.676944,0.856557,0.86308,0.87129,0.952251,0.817676,0.817561,0.886729,0.84633,0.8397,0.804623,0.884841,0.725529,0.775517,0.763362,0.864456,0.817363,0.809463,0.863829,0.771576,0.806516,0.826146,0.926757,0.933666,0.6617911,0.6629259,0.778236,0.754303,0.849107,0.63612648,0.866878,0.880804,0.838554,0.947031,0.839226,0.854608,0.694676,0.685584,0.88903,0.745649
0.856573,0.634559,0.718268,0.896696,0.869525,0.799603,1,0.783826,0.839347,0.809705,0.743755,0.765683,0.754864,0.743842,0.760528,0.965298,0.774092,0.8102392,0.7301973,0.761317,0.771821,0.754403,0.760484,0.6672729,0.719829,0.855628,0.744585,0.781458,0.742295,0.648013,0.803455,0.814897,0.94033,0.83555,0.718243,0.726188,0.801849,0.892905,0.791391,0.829937,0.897811,0.7395402,0.773839,0.76923,0.7986,0.711998,0.701525,0.681235,0.746991,0.786826,0.804707,0.687612,0.842103,0.856938,0.789642,0.748963,0.766302,0.798365,0.7943724,0.657153,0.695051,0.775508,0.828037,0.815394,0.801375,0.811425,0.756598,0.717894,0.684663,0.7725172,0.704793,0.810282,0.745921,0.726442,0.713675,0.82988,0.693021,0.752846,0.82779,0.726781,0.692565,0.739469,0.820354,0.804117,0.713851,0.721537,0.721643,0.688809,0.778584,0.714137,0.723671,0.802539,0.713885,0.822528,0.877843,0.789501,0.733594,0.70552,0.825523,0.768417
0.938396,0.639124,0.823461,0.875665,0.884009,0.954268,0.783826,1,0.947303,0.844384,0.7619353,0.867634,0.700398,0.7253925,0.774889,0.822037,0.789952,0.815735,0.7158316,0.762908,0.814367,0.90316,0.787634,0.7728965,0.771549,0.88969,0.680934,0.808615,0.808615,0.694664,0.84246,0.868282,0.816733,0.827795,0.841282,0.817098,0.862484,0.84058,0.86827,0.875671,0.915447,0.907683,0.877728,0.911565,0.782078,0.644146,0.698591,0.672616,0.884823,0.752556,0.871097,0.782281,0.82712,0.854073,0.933423,0.844421,0.917823,0.978098,0.853638,0.667586,0.653391,0.793662,0.780888,0.817236,0.878388,0.814491,0.858933,0.822708,0.770155,0.799843,0.721864,0.87226,0.769512,0.740767,0.7207352,0.814846,0.76561,0.798387,0.808533,0.769185,0.782091,0.813881,0.851931,0.927163,0.625747,0.686796,0.796616,0.716209,0.892163,0.700894,0.811137,0.817781,0.798164,0.926613,0.886522,0.893136,0.675279,0.6993774,0.846301,0.743475
0.94051,0.608872,0.824972,0.868836,0.833841,0.940625,0.839347,0.947303,1,0.803789,0.812835,0.862775,0.669143,0.797543,0.806681,0.820975,0.778618,0.842752,0.717924,0.776803,0.84352,0.894485,0.832129,0.768076,0.744665,0.91761,0.705081,0.798906,0.805553,0.713401,0.83816,0.894794,0.887469,0.871554,0.782138,0.858031,0.803568,0.877614,0.863556,0.832285,0.939423,0.835961,0.837859,0.923254,0.787338,0.644703,0.69599,0.696056,0.907079,0.802944,0.845225,0.706256,0.787088,0.828263,0.929929,0.868078,0.841448,0.984313,0.889367,0.720443,0.65792,0.726718,0.831276,0.870116,0.911024,0.826221,0.862587,0.756226,0.723581,0.798383,0.735937,0.806748,0.733771,0.79882,0.702203,0.882644,0.747332,0.815211,0.823622,0.721895,0.748144,0.80105,0.852172,0.956004,0.622996,0.726832,0.7237804,0.712357,0.909643,0.682208,0.795944,0.845287,0.829716,0.924492,0.903673,0.867382,0.6426264,0.6996996,0.879609,0.776197
0.84361,0.6208685,0.6910975,0.862019,0.829248,0.824707,0.809705,0.844384,0.803789,1,0.779399,0.834495,0.710865,0.733886,0.744352,0.77354,0.77311,0.754239,0.6862629,0.720272,0.784868,0.815352,0.7295501,0.708528,0.856037,0.773728,0.738671,0.6944633,0.795043,0.6449856,0.7767967,0.790189,0.803963,0.756522,0.749148,0.650042,0.903612,0.865984,0.913253,0.874175,0.751139,0.828574,0.790921,0.707958,0.7217126,0.67528,0.746683,0.699846,0.699277,0.694365,0.775957,0.63763,0.844775,0.882721,0.765622,0.713178,0.759023,0.819455,0.841067,0.675402,0.741865,0.839165,0.767304,0.779023,0.796524,0.788455,0.69553,0.865436,0.806521,0.752862,0.697439,0.859603,0.779817,0.67011,0.788327,0.771065,0.811924,0.814467,0.7455319,0.808599,0.795512,0.789094,0.76583,0.76619,0.742052,0.746595,0.81689,0.770048,0.723274,0.74928,0.782526,0.8305482,0.710776,0.792706,0.720362,0.787604,0.763143,0.7067246,0.737384,0.73601
0.838744,0.68324,0.774248,0.836637,0.777969,0.785642,0.743755,0.7619353,0.812835,0.779399,1,0.782986,0.77155,0.755513,0.869671,0.735039,0.8041,0.768867,0.800645,0.739498,0.771865,0.787837,0.870552,0.712378,0.792961,0.819751,0.794522,0.745233,0.800586,0.880867,0.735346,0.798986,0.817066,0.7511205,0.711669,0.745398,0.805451,0.879416,0.78592,0.7001068,0.795787,0.72082,0.7042336,0.72528,0.752743,0.6656625,0.758783,0.874713,0.71838,0.664803,0.751081,0.64791,0.790306,0.817898,0.793148,0.77479,0.721301,0.798742,0.789439,0.817785,0.775802,0.814041,0.753665,0.727371,0.816588,0.903801,0.693459,0.785134,0.721215,0.732813,0.820277,0.828858,0.758206,0.698549,0.848908,0.817749,0.761289,0.878876,0.732738,0.86433,0.751643,0.790157,0.768499,0.77638,0.841737,0.906287,0.811686,0.879642,0.750615,0.749024,0.794917,0.76762,0.796996,0.7688652,0.744567,0.750152,0.802492,0.844249,0.768478,0.66918
0.822971,0.64468,0.815074,0.903636,0.801633,0.905771,0.765683,0.867634,0.862775,0.834495,0.782986,1,0.759926,0.851843,0.880915,0.801378,0.813419,0.776574,0.6934468,0.795241,0.940689,0.860561,0.788966,0.790726,0.756088,0.867701,0.703298,0.828349,0.875401,0.692006,0.901498,0.819152,0.881529,0.882664,0.810889,0.689474,0.839448,0.868995,0.85474,0.852498,0.796312,0.901197,0.885342,0.847312,0.808263,0.6477053,0.74212,0.626072,0.834494,0.733583,0.804188,0.714375,0.864342,0.874563,0.871614,0.834612,0.796726,0.839502,0.954425,0.720964,0.651857,0.764673,0.809478,0.874512,0.879323,0.83185,0.78537,0.863432,0.803016,0.854011,0.813689,0.777722,0.746634,0.775531,0.682915,0.893719,0.858881,0.827237,0.889931,0.847782,0.859698,0.860694,0.868925,0.853158,0.615289,0.638714,0.767246,0.709275,0.807105,0.75298,0.841324,0.951293,0.84539,0.840084,0.777738,0.821861,0.657647,0.690237,0.812723,0.756305
0.66472,0.74272,0.742151,0.77073,0.809972,0.737214,0.754864,0.700398,0.669143,0.710865,0.77155,0.759926,1,0.728216,0.81877,0.755894,0.776212,0.72646,0.836814,0.733917,0.7374249,0.696841,0.722179,0.646425,0.69589,0.76109,0.695749,0.697076,0.771225,0.635489,0.687392,0.663237,0.776076,0.781581,0.653833,0.701892,0.7081298,0.717139,0.768924,0.72894,0.728043,0.622131,0.617992,0.656593,0.709789,0.658246,0.845274,0.72919,0.625446,0.5937764,0.663158,0.639192,0.838545,0.757367,0.743068,0.799183,0.657266,0.684754,0.7461873,0.718627,0.783266,0.770126,0.747735,0.708682,0.748603,0.799906,0.641793,0.760626,0.702538,0.705485,0.756424,0.6666833,0.636932,0.690393,0.734083,0.7550335,0.759784,0.767899,0.676407,0.826921,0.5716037,0.741227,0.716439,0.605094,0.756321,0.72783,0.670348,0.720626,0.690276,0.655857,0.699365,0.754201,0.676615,0.71308,0.68143,0.604765,0.74169,0.6162095,0.684993,0.623421
0.714504,0.612669,0.718104,0.832711,0.730302,0.797544,0.743842,0.7253925,0.797543,0.733886,0.755513,0.851843,0.728216,1,0.857813,0.767408,0.777365,0.81931,0.806267,0.887682,0.938362,0.797469,0.798608,0.801709,0.800505,0.730646,0.745191,0.70715,0.864755,0.636661,0.720161,0.751114,0.85017,0.903899,0.71504,0.690807,0.762672,0.77614,0.757378,0.741655,0.717198,0.720145,0.744433,0.78817,0.6950674,0.6054601,0.697291,0.686562,0.812001,0.751767,0.698105,0.6194892,0.767091,0.854558,0.726155,0.731744,0.74633,0.757597,0.907926,0.748767,0.625097,0.724898,0.80533,0.75388,0.870646,0.815947,0.748463,0.69194,0.728095,0.86974,0.794657,0.708149,0.653936,0.82595,0.671632,0.889667,0.83666,0.809651,0.707176,0.745539,0.806865,0.815958,0.71189,0.74734,0.650116,0.661766,0.663238,0.689795,0.777304,0.733653,0.704969,0.902504,0.780411,0.721168,0.688659,0.761148,0.650366,0.643848,0.7186625,0.699788
0.768735,0.672444,0.865854,0.87742,0.786169,0.827136,0.760528,0.774889,0.806681,0.744352,0.869671,0.880915,0.81877,0.857813,1,0.801818,0.850134,0.800201,0.886019,0.867418,0.895317,0.846952,0.862429,0.745994,0.76099,0.784172,0.803249,0.807832,0.899939,0.731189,0.826286,0.736339,0.861582,0.90753,0.820742,0.730377,0.763734,0.836145,0.795801,0.765235,0.760022,0.788747,0.785366,0.817794,0.836552,0.586118,0.783626,0.768174,0.776497,0.669573,0.768723,0.742636,0.841625,0.824623,0.844854,0.873482,0.727573,0.772499,0.905353,0.835891,0.697313,0.735857,0.795358,0.78333,0.852555,0.951618,0.765092,0.827948,0.777275,0.800021,0.884806,0.744165,0.728943,0.850647,0.762799,0.863154,0.85655,0.93394,0.801326,0.858965,0.771441,0.832747,0.816797,0.794292,0.753445,0.766914,0.721558,0.76598,0.775722,0.77665,0.770834,0.882117,0.890955,0.781318,0.726088,0.768481,0.752789,0.7124785,0.826481,0.65487
0.867063,0.631212,0.708932,0.948704,0.883157,0.831731,0.965298,0.822037,0.820975,0.77354,0.735039,0.801378,0.755894,0.767408,0.801818,1,0.749626,0.833111,0.7787184,0.825985,0.849333,0.80572,0.755223,0.6769798,0.760379,0.85671,0.726031,0.791336,0.780117,0.644626,0.767073,0.823152,0.924402,0.864216,0.725586,0.715439,0.812419,0.893241,0.762375,0.860985,0.893347,0.737164,0.751155,0.775065,0.759931,0.696918,0.673176,0.643558,0.760649,0.726755,0.780494,0.714097,0.876625,0.882828,0.811057,0.751407,0.799612,0.812196,0.853514,0.647934,0.656065,0.781548,0.790939,0.765074,0.784142,0.817334,0.788872,0.742776,0.70688,0.847478,0.7159728,0.808639,0.689453,0.812161,0.720872,0.824654,0.734018,0.765736,0.79974,0.715457,0.729761,0.76057,0.787286,0.804185,0.694612,0.667599,0.723339,0.735638,0.787274,0.737284,0.743178,0.829102,0.685017,0.827573,0.863359,0.794944,0.698826,0.657242,0.782566,0.709614
0.737214,0.712302,0.862426,0.803485,0.791936,0.8792,0.774092,0.789952,0.778618,0.77311,0.8041,0.813419,0.776212,0.777365,0.850134,0.749626,1,0.754897,0.860614,0.7352946,0.794594,0.877418,0.696301,0.7965571,0.822354,0.735154,0.6045255,0.815192,0.768032,0.739241,0.875825,0.690031,0.764679,0.820084,0.895866,0.704311,0.836276,0.783471,0.855201,0.794554,0.764637,0.855159,0.891017,0.7505443,0.923375,0.643483,0.724723,0.72127,0.767245,0.779879,0.70716,0.729314,0.811892,0.785999,0.841813,0.811045,0.7181238,0.761854,0.807602,0.759977,0.6506761,0.796669,0.7590011,0.766443,0.908259,0.810368,0.675915,0.866473,0.847867,0.805298,0.893665,0.764797,0.729728,0.697535,0.76223,0.756261,0.801317,0.820729,0.852801,0.807219,0.76377,0.835546,0.910039,0.816712,0.786682,0.803242,0.796051,0.793678,0.703831,0.6065242,0.848062,0.827515,0.807853,0.802786,0.729506,0.770535,0.814593,0.753197,0.860806,0.742577
0.8602,0.675593,0.726844,0.863487,0.885407,0.809633,0.8102392,0.815735,0.842752,0.754239,0.768867,0.776574,0.72646,0.81931,0.800201,0.833111,0.754897,1,0.813107,0.929484,0.833658,0.810026,0.790659,0.797955,0.748158,0.856059,0.748741,0.660683,0.915771,0.606912,0.686685,0.794516,0.835373,0.930371,0.644912,0.85644,0.835082,0.854185,0.782061,0.70756,0.89887,0.691366,0.706905,0.845536,0.70386,0.6287318,0.648115,0.728265,0.787666,0.802413,0.817752,0.608439,0.768218,0.922345,0.752285,0.752,0.7430253,0.863753,0.840828,0.819127,0.664341,0.798044,0.823524,0.711809,0.827335,0.777035,0.697503,0.739061,0.750344,0.8979,0.692657,0.815661,0.6191676,0.711321,0.776892,0.889834,0.79949,0.73929,0.687923,0.735698,0.830796,0.801373,0.720229,0.765485,0.645196,0.661682,0.687582,0.685866,0.949558,0.590635,0.734011,0.809109,0.730085,0.7334098,0.865492,0.732941,0.666738,0.606509,0.694837,0.7218195
0.6976387,0.683159,0.815105,0.8032857,0.783328,0.758602,0.7301973,0.7158316,0.717924,0.6862629,0.800645,0.6934468,0.836814,0.806267,0.886019,0.7787184,0.860614,0.813107,1,0.881861,0.803651,0.785982,0.789144,0.695622,0.744541,0.673487,0.722683,0.685721,0.805449,0.712762,0.723821,0.671785,0.769296,0.870182,0.789475,0.7915032,0.777621,0.7406209,0.733948,0.7043,0.7204852,0.659202,0.686213,0.754471,0.828352,0.59242,0.77762,0.749255,0.6270453,0.732269,0.741036,0.701001,0.783285,0.815117,0.753789,0.775832,0.701142,0.718083,0.803059,0.848307,0.708532,0.730833,0.705725,0.638104,0.7536571,0.862671,0.720269,0.769015,0.787531,0.781408,0.820041,0.779124,0.6562,0.812192,0.788525,0.771971,0.848663,0.849643,0.704036,0.80199,0.670008,0.799735,0.766661,0.6950091,0.819644,0.795843,0.694716,0.72282,0.717774,0.683988,0.720442,0.784986,0.712915,0.7063697,0.694814,0.7289812,0.766557,0.694814,0.753894,0.7060531
0.756723,0.642465,0.784421,0.859832,0.804412,0.801345,0.761317,0.762908,0.776803,0.720272,0.739498,0.795241,0.733917,0.887682,0.867418,0.825985,0.7352946,0.929484,0.881861,1,0.891936,0.827747,0.780853,0.845957,0.730807,0.761013,0.726146,0.653661,0.951238,0.573973,0.669598,0.7756,0.81484,0.936014,0.692953,0.822497,0.815057,0.80762,0.72822,0.754914,0.780846,0.660162,0.68935,0.819951,0.726385,0.5773172,0.640586,0.725501,0.810288,0.809617,0.762354,0.620033,0.756843,0.915818,0.736872,0.78288,0.714445,0.766558,0.865652,0.857171,0.673639,0.74189,0.800129,0.660088,0.824276,0.781765,0.688968,0.741828,0.761408,0.913292,0.76298,0.756099,0.557469,0.772415,0.743475,0.871484,0.908002,0.759737,0.66358,0.751206,0.854625,0.813036,0.693349,0.728739,0.6845211,0.661534,0.639329,0.660978,0.88192,0.61899,0.68323,0.839281,0.733639,0.708863,0.74392,0.72212,0.670516,0.558325,0.667856,0.735881
0.792653,0.670282,0.780556,0.912525,0.80971,0.866502,0.771821,0.814367,0.84352,0.784868,0.771865,0.940689,0.7374249,0.938362,0.895317,0.849333,0.794594,0.833658,0.803651,0.891936,1,0.85425,0.809989,0.791468,0.804308,0.812449,0.720579,0.77997,0.909853,0.626211,0.797142,0.814438,0.887912,0.939504,0.768447,0.726701,0.841656,0.852604,0.803115,0.842245,0.791765,0.803657,0.806251,0.837505,0.753522,0.641565,0.693687,0.679377,0.80812,0.742543,0.763842,0.678858,0.850076,0.911379,0.804641,0.795808,0.778391,0.81882,0.962301,0.750795,0.678371,0.790921,0.819504,0.807197,0.886211,0.823889,0.801915,0.815621,0.801973,0.925983,0.842031,0.750398,0.645783,0.857804,0.711006,0.913176,0.899804,0.821798,0.787098,0.7954034,0.847516,0.872111,0.781583,0.799587,0.66081,0.662116,0.723,0.724428,0.828539,0.756298,0.785224,0.961704,0.827644,0.785404,0.765599,0.789504,0.671268,0.649361,0.7387713,0.707002
0.85561,0.683447,0.891522,0.853048,0.81099,0.955928,0.754403,0.90316,0.894485,0.815352,0.787837,0.860561,0.696841,0.797469,0.846952,0.80572,0.877418,0.810026,0.785982,0.827747,0.85425,1,0.802729,0.8447,0.84482,0.798751,0.734189,0.846219,0.869149,0.690933,0.849616,0.828067,0.822336,0.879791,0.888778,0.705587,0.880372,0.836289,0.90968,0.872529,0.8048047,0.900053,0.894492,0.861675,0.863876,0.653694,0.676813,0.717813,0.913333,0.708432,0.812874,0.760519,0.806648,0.848318,0.914034,0.91296,0.815324,0.887745,0.890572,0.744327,0.698853,0.840586,0.861355,0.837097,0.930118,0.819466,0.829613,0.862991,0.796306,0.841456,0.776006,0.878571,0.710139,0.83386,0.785753,0.841867,0.802472,0.828102,0.820197,0.757505,0.805812,0.760476,0.900125,0.902344,0.685773,0.691912,0.712896,0.772343,0.804202,0.6542798,0.859512,0.859623,0.847597,0.899536,0.78127,0.834797,0.720473,0.688329,0.882251,0.681151
0.813661,0.709774,0.758492,0.826013,0.674784,0.810584,0.760484,0.787634,0.832129,0.7295501,0.870552,0.788966,0.722179,0.798608,0.862429,0.755223,0.696301,0.790659,0.789144,0.780853,0.809989,0.802729,1,0.7164137,0.6571751,0.835199,0.908543,0.674105,0.841259,0.825479,0.712803,0.83297,0.884496,0.846835,0.6504046,0.734913,0.810738,0.848841,0.761236,0.772801,0.770382,0.681809,0.673997,0.8183556,0.730413,0.785791,0.752901,0.884012,0.747282,0.682437,0.873313,0.715845,0.734304,0.82122,0.751781,0.798514,0.739639,0.79388,0.868834,0.855178,0.823305,0.813422,0.83958,0.766211,0.804655,0.893643,0.796557,0.760759,0.76273,0.730468,0.712753,0.853513,0.808509,0.808093,0.867855,0.896802,0.763993,0.849898,0.701552,0.833497,0.763841,0.800034,0.73386,0.793322,0.791773,0.809629,0.725221,0.779833,0.786979,0.854699,0.774906,0.816038,0.853002,0.822638,0.760957,0.800283,0.7744788,0.827462,0.733383,0.722089
0.7384885,0.654757,0.765396,0.7575315,0.692626,0.831888,0.6672729,0.7728965,0.768076,0.708528,0.712378,0.790726,0.646425,0.801709,0.745994,0.6769798,0.7965571,0.797955,0.695622,0.845957,0.791468,0.8447,0.7164137,1,0.7309,0.736249,0.666111,0.690591,0.867986,0.6253615,0.768906,0.764678,0.7275297,0.811923,0.713807,0.724325,0.8239324,0.732666,0.7312169,0.7512369,0.7107239,0.754483,0.7740316,0.784819,0.756495,0.668182,0.566795,0.705155,0.886319,0.828274,0.801542,0.594455,0.741907,0.791076,0.77077,0.774447,0.677359,0.757326,0.779763,0.745612,0.68414,0.789925,0.837994,0.6977224,0.872542,0.713495,0.6467645,0.805833,0.778888,0.825421,0.725533,0.7277249,0.6449733,0.595042,0.751144,0.786567,0.861481,0.704259,0.753078,0.738885,0.848066,0.791206,0.788868,0.7610391,0.705827,0.664395,0.724804,0.76177,0.821156,0.594756,0.834332,0.7847936,0.770054,0.7478459,0.6854333,0.705769,0.709544,0.658095,0.727513,0.761714
0.761667,0.723532,0.75049,0.815713,0.81515,0.782109,0.719829,0.771549,0.744665,0.856037,0.792961,0.756088,0.69589,0.800505,0.76099,0.760379,0.822354,0.748158,0.744541,0.730807,0.804308,0.84482,0.6571751,0.7309,1,0.6931096,0.622802,0.6809091,0.743629,0.680911,0.737266,0.730784,0.6680238,0.737128,0.784271,0.574941,0.855754,0.770336,0.831525,0.745109,0.749713,0.76112,0.756229,0.657031,0.73772,0.687476,0.634,0.765782,0.736532,0.649967,0.663838,0.75523,0.848683,0.816497,0.741376,0.746853,0.829627,0.7404165,0.798215,0.596319,0.686025,0.828639,0.765665,0.754787,0.827752,0.765571,0.766243,0.81446,0.742989,0.829101,0.751794,0.791964,0.6609565,0.756255,0.807191,0.714927,0.755735,0.805589,0.694971,0.777084,0.768162,0.716897,0.749781,0.72997,0.7213893,0.760603,0.857172,0.88398,0.705734,0.730339,0.771573,0.820992,0.727768,0.753018,0.711585,0.772129,0.785353,0.734158,0.795684,0.629535
0.954626,0.634002,0.70837,0.904722,0.873468,0.875954,0.855628,0.88969,0.91761,0.773728,0.819751,0.867701,0.76109,0.730646,0.784172,0.85671,0.735154,0.856059,0.673487,0.761013,0.812449,0.798751,0.835199,0.736249,0.6931096,1,0.719888,0.732353,0.806526,0.769606,0.801461,0.854788,0.916709,0.843002,0.648468,0.792824,0.805702,0.927468,0.789909,0.777079,0.943229,0.773955,0.765758,0.830982,0.728398,0.753459,0.73318,0.683871,0.82492,0.732397,0.857106,0.681531,0.831522,0.837725,0.849874,0.812299,0.775924,0.914812,0.869363,0.731754,0.713296,0.804397,0.786065,0.812785,0.81983,0.825311,0.761285,0.782447,0.742268,0.781286,0.694159,0.844494,0.751247,0.71438,0.753123,0.873717,0.730531,0.76745,0.814699,0.788402,0.784445,0.784994,0.822354,0.875696,0.620932,0.691559,0.750719,0.716465,0.864637,0.715247,0.802174,0.83207,0.742697,0.916022,0.923185,0.782694,0.662467,0.678446,0.772925,0.7608573
0.694434,0.73749,0.723274,0.706509,0.707334,0.706401,0.744585,0.680934,0.705081,0.738671,0.794522,0.703298,0.695749,0.745191,0.803249,0.726031,0.6045255,0.748741,0.722683,0.726146,0.720579,0.734189,0.908543,0.666111,0.622802,0.719888,1,0.703661,0.773142,0.767844,0.64115,0.718426,0.827886,0.748441,0.647094,0.59497,0.7356,0.778107,0.768166,0.6866336,0.6643619,0.666174,0.65555,0.6524528,0.639248,0.805399,0.790894,0.878097,0.674084,0.5371389,0.732102,0.681221,0.610124,0.720828,0.709104,0.740724,0.683342,0.673539,0.779296,0.791944,0.760277,0.761977,0.788477,0.718021,0.711598,0.843783,0.729192,0.696607,0.653503,0.6238025,0.631027,0.805126,0.818881,0.7724421,0.806025,0.811656,0.65797,0.845784,0.625533,0.696736,0.672292,0.631062,0.6346,0.655334,0.794407,0.747959,0.675601,0.794275,0.682938,0.797174,0.68854,0.704247,0.782209,0.721955,0.667993,0.659266,0.757146,0.844541,0.711376,0.531515
0.758346,0.564365,0.868902,0.75052,0.73253,0.877688,0.781458,0.808615,0.798906,0.6944633,0.745233,0.828349,0.697076,0.70715,0.807832,0.791336,0.815192,0.660683,0.685721,0.653661,0.77997,0.846219,0.674105,0.690591,0.6809091,0.732353,0.703661,1,0.697328,0.666382,0.881587,0.721849,0.800358,0.723039,0.898149,0.641175,0.743189,0.787922,0.7885301,0.819929,0.769693,0.914907,0.925515,0.756352,0.862384,0.52327,0.673205,0.602507,0.795726,0.670488,0.679777,0.722288,0.707878,0.709775,0.918866,0.826443,0.758032,0.7795,0.775601,0.659045,0.598196,0.77823,0.762855,0.820824,0.829369,0.762401,0.778262,0.823346,0.737076,0.723329,0.842483,0.7539506,0.73227,0.775059,0.657379,0.728978,0.725461,0.810472,0.861888,0.703279,0.696086,0.731172,0.901598,0.84226,0.656488,0.665996,0.713424,0.683935,0.682761,0.657856,0.7435,0.737164,0.837038,0.826671,0.718157,0.781929,0.645387,0.726097,0.895994,0.61343
0.789022,0.677784,0.824468,0.862576,0.801983,0.846555,0.742295,0.808615,0.805553,0.795043,0.800586,0.875401,0.771225,0.864755,0.899939,0.780117,0.768032,0.915771,0.805449,0.951238,0.909853,0.869149,0.841259,0.867986,0.743629,0.806526,0.773142,0.697328,1,0.617488,0.751705,0.822756,0.823079,0.945427,0.735779,0.787339,0.869922,0.832544,0.795594,0.786182,0.783268,0.751881,0.752337,0.874363,0.76436,0.648931,0.682873,0.78843,0.829635,0.765442,0.824447,0.673578,0.810018,0.936279,0.789631,0.844066,0.737798,0.7928752,0.906506,0.842716,0.738609,0.796297,0.883623,0.734525,0.862146,0.818229,0.720313,0.829903,0.804067,0.902992,0.776802,0.789697,0.63694,0.768047,0.803588,0.904693,0.907285,0.787027,0.726989,0.826857,0.897798,0.851757,0.752511,0.759406,0.711581,0.68908,0.714999,0.727688,0.913923,0.707787,0.74873,0.881219,0.837871,0.74484,0.753166,0.7181131,0.721473,0.62845,0.725976,0.706353
0.746094,0.768928,0.636707,0.718007,0.62627,0.701613,0.648013,0.694664,0.713401,0.6449856,0.880867,0.692006,0.635489,0.636661,0.731189,0.644626,0.739241,0.606912,0.712762,0.573973,0.626211,0.690933,0.825479,0.6253615,0.680911,0.769606,0.767844,0.666382,0.617488,1,0.695407,0.6976896,0.743211,0.607182,0.621871,0.650832,0.670918,0.772791,0.691854,0.720332,0.688304,0.669477,0.6684576,0.6339822,0.693271,0.848118,0.810303,0.833558,0.628116,0.635676,0.7242,0.735235,0.717842,0.646006,0.674512,0.704875,0.698622,0.68184,0.696572,0.807783,0.772148,0.727152,0.617546,0.70084,0.704254,0.823567,0.700436,0.684487,0.646887,0.593369,0.739745,0.75726,0.916934,0.647165,0.801275,0.683086,0.605929,0.816539,0.70144,0.751078,0.709277,0.715584,0.730348,0.765056,0.837673,0.910647,0.780403,0.827388,0.60991,0.787443,0.784164,0.66824,0.70271,0.792762,0.688291,0.748535,0.827889,0.938711,0.693216,0.698919
0.784256,0.5985226,0.859611,0.824583,0.710246,0.897601,0.803455,0.84246,0.83816,0.7767967,0.735346,0.901498,0.687392,0.720161,0.826286,0.767073,0.875825,0.686685,0.723821,0.669598,0.797142,0.849616,0.712803,0.768906,0.737266,0.801461,0.64115,0.881587,0.751705,0.695407,1,0.737727,0.813135,0.786757,0.872241,0.674896,0.78413,0.81394,0.811891,0.811198,0.778089,0.92955,0.956852,0.833721,0.935247,0.550924,0.660361,0.583667,0.810348,0.760854,0.754101,0.771236,0.779324,0.736669,0.888967,0.846441,0.765048,0.803822,0.854415,0.754513,0.5859082,0.771791,0.787648,0.893841,0.861684,0.818636,0.756662,0.893903,0.807874,0.722989,0.808604,0.771144,0.769852,0.69976,0.716718,0.784546,0.781529,0.851051,0.982914,0.772001,0.77437,0.787051,0.963314,0.890187,0.625116,0.643678,0.803158,0.6631608,0.720961,0.742292,0.816311,0.869888,0.856586,0.849172,0.767868,0.876533,0.673508,0.699219,0.917369,0.780681
0.905547,0.708513,0.731459,0.852419,0.796152,0.839,0.814897,0.868282,0.894794,0.790189,0.798986,0.819152,0.663237,0.751114,0.736339,0.823152,0.690031,0.794516,0.671785,0.7756,0.814438,0.828067,0.83297,0.764678,0.730784,0.854788,0.718426,0.721849,0.822756,0.6976896,0.737727,1,0.821981,0.803939,0.684517,0.771007,0.812175,0.887992,0.788791,0.895177,0.811706,0.72968,0.716358,0.850985,0.697864,0.747543,0.62854,0.764464,0.828328,0.657571,0.817904,0.6614516,0.770341,0.861787,0.78209,0.791324,0.807233,0.887395,0.830858,0.714787,0.738241,0.747835,0.835931,0.767075,0.831686,0.727398,0.791017,0.69438,0.674051,0.770571,0.655273,0.753972,0.68627,0.77811,0.770744,0.835651,0.71891,0.719845,0.761266,0.7215352,0.757607,0.770105,0.761407,0.825457,0.658586,0.696307,0.73328,0.71695,0.864046,0.742422,0.796591,0.784505,0.74062,0.800785,0.778479,0.789031,0.682631,0.719276,0.747675,0.670144
0.870644,0.5626292,0.754291,0.913386,0.827845,0.877047,0.94033,0.816733,0.887469,0.803963,0.817066,0.881529,0.776076,0.85017,0.861582,0.924402,0.764679,0.835373,0.769296,0.81484,0.887912,0.822336,0.884496,0.7275297,0.6680238,0.916709,0.827886,0.800358,0.823079,0.743211,0.813135,0.821981,1,0.898326,0.68025,0.740914,0.779303,0.91801,0.808661,0.841003,0.887914,0.752227,0.789499,0.815183,0.77175,0.717582,0.774485,0.712448,0.815293,0.747503,0.814691,0.660981,0.813306,0.8368032,0.846499,0.824234,0.743249,0.843183,0.917981,0.760539,0.722208,0.795199,0.855731,0.852736,0.864344,0.889278,0.79214,0.756828,0.724481,0.810384,0.752706,0.834537,0.780545,0.7841,0.730628,0.925018,0.774043,0.843174,0.82443,0.770243,0.759612,0.782303,0.830307,0.843066,0.688107,0.701534,0.6757793,0.705052,0.811048,0.777802,0.77409,0.884787,0.791827,0.878746,0.852455,0.796786,0.690041,0.712202,0.821289,0.750371
0.820135,0.667264,0.82801,0.908044,0.829813,0.886086,0.83555,0.827795,0.871554,0.756522,0.7511205,0.882664,0.781581,0.903899,0.90753,0.864216,0.820084,0.930371,0.870182,0.936014,0.939504,0.879791,0.846835,0.811923,0.737128,0.843002,0.748441,0.723039,0.945427,0.607182,0.786757,0.803939,0.898326,1,0.75683,0.81562,0.849695,0.856763,0.805963,0.793456,0.86384,0.760254,0.796933,0.907026,0.811466,0.641397,0.665138,0.734712,0.834937,0.817855,0.83154,0.710208,0.8338,0.930559,0.807398,0.835607,0.7642991,0.842213,0.943982,0.827882,0.684252,0.78584,0.86581,0.7911,0.895753,0.83013,0.799458,0.791112,0.810797,0.92937,0.76006,0.784427,0.659169,0.838504,0.757324,0.938249,0.869545,0.791921,0.781795,0.810335,0.848686,0.886169,0.807421,0.832716,0.692926,0.675531,0.670452,0.683807,0.902964,0.700557,0.781351,0.931204,0.837666,0.794605,0.846452,0.818363,0.714747,0.620721,0.7805808,0.783804
0.719222,0.681204,0.938696,0.734268,0.760099,0.85676,0.718243,0.841282,0.782138,0.749148,0.711669,0.810889,0.653833,0.71504,0.820742,0.725586,0.895866,0.644912,0.789475,0.692953,0.768447,0.888778,0.6504046,0.713807,0.784271,0.648468,0.647094,0.898149,0.735779,0.621871,0.872241,0.684517,0.68025,0.75683,1,0.687362,0.765277,0.714648,0.838733,0.808645,0.7078427,0.926255,0.915672,0.791409,0.931152,0.4876529,0.66786,0.6370139,0.773182,0.681449,0.710805,0.83402,0.743845,0.700129,0.893049,0.842646,0.84539,0.78667,0.762201,0.709673,0.635685,0.707616,0.707797,0.805418,0.833183,0.762124,0.814634,0.832567,0.769378,0.725206,0.830356,0.74748,0.726189,0.815419,0.650043,0.697851,0.788222,0.813154,0.844815,0.757026,0.67663,0.768623,0.889969,0.828315,0.706784,0.6945304,0.766768,0.684056,0.675029,0.71224,0.763799,0.768397,0.854652,0.767993,0.698077,0.845794,0.726821,0.716986,0.90246,0.6343387
0.814299,0.651789,0.769589,0.742878,0.781165,0.77584,0.726188,0.817098,0.858031,0.650042,0.745398,0.689474,0.701892,0.690807,0.730377,0.715439,0.704311,0.85644,0.7915032,0.822497,0.726701,0.705587,0.734913,0.724325,0.574941,0.792824,0.59497,0.641175,0.787339,0.650832,0.674896,0.771007,0.740914,0.81562,0.687362,1,0.733068,0.760598,0.664574,0.658433,0.845707,0.655315,0.68491,0.878725,0.728287,0.603603,0.649735,0.668552,0.746679,0.885296,0.808498,0.672592,0.665639,0.797805,0.77824,0.759269,0.734959,0.87049,0.727741,0.81322,0.703256,0.655292,0.710246,0.669685,0.745149,0.683017,0.746749,0.688324,0.75041,0.759561,0.729713,0.712815,0.619499,0.704803,0.686202,0.759043,0.806145,0.652988,0.663114,0.705764,0.722874,0.829542,0.68776,0.814558,0.66789,0.7149092,0.661745,0.554711,0.88399,0.5598059,0.5927644,0.693201,0.734566,0.7417915,0.807381,0.729833,0.674423,0.60746,0.691751,0.869098
0.8183205,0.717773,0.764877,0.876438,0.858793,0.903963,0.801849,0.862484,0.803568,0.903612,0.805451,0.839448,0.7081298,0.762672,0.763734,0.812419,0.836276,0.835082,0.777621,0.815057,0.841656,0.880372,0.810738,0.8239324,0.855754,0.805702,0.7356,0.743189,0.869922,0.670918,0.78413,0.812175,0.779303,0.849695,0.765277,0.733068,1,0.871892,0.861451,0.874274,0.803314,0.842908,0.839253,0.825406,0.76245,0.757934,0.655685,0.784981,0.765546,0.771359,0.848252,0.661224,0.830899,0.920515,0.814595,0.781834,0.776773,0.815996,0.85181,0.716944,0.819998,0.922375,0.852128,0.758193,0.887413,0.766196,0.746978,0.908122,0.900556,0.844865,0.76931,0.896976,0.705548,0.6796422,0.903311,0.81114,0.868267,0.766644,0.752337,0.798062,0.846574,0.859318,0.804652,0.776735,0.819567,0.758642,0.869725,0.848758,0.820504,0.742308,0.855568,0.843821,0.792371,0.82097,0.774404,0.796783,0.825233,0.738055,0.737726,0.76479
0.950654,0.619265,0.744655,0.949363,0.895473,0.860254,0.892905,0.84058,0.877614,0.865984,0.879416,0.868995,0.717139,0.77614,0.836145,0.893241,0.783471,0.854185,0.7406209,0.80762,0.852604,0.836289,0.848841,0.732666,0.770336,0.927468,0.778107,0.787922,0.832544,0.772791,0.81394,0.887992,0.91801,0.856763,0.714648,0.760598,0.871892,1,0.850073,0.835222,0.89828,0.7981012,0.793308,0.793339,0.765689,0.666212,0.702423,0.717348,0.778655,0.731849,0.821533,0.668243,0.850021,0.90418,0.821754,0.775745,0.760939,0.874168,0.894113,0.766209,0.7042788,0.832466,0.811752,0.783045,0.823642,0.860684,0.760054,0.813139,0.763768,0.791523,0.743465,0.901286,0.728065,0.729445,0.818104,0.86821,0.781586,0.8439,0.830383,0.801565,0.805962,0.795374,0.825167,0.833352,0.684669,0.741496,0.797778,0.795302,0.824726,0.721746,0.790031,0.867401,0.772687,0.830681,0.848614,0.798304,0.702543,0.71669,0.784989,0.756378
0.838292,0.720843,0.815177,0.829521,0.859657,0.89485,0.791391,0.86827,0.863556,0.913253,0.78592,0.85474,0.768924,0.757378,0.795801,0.762375,0.855201,0.782061,0.733948,0.72822,0.803115,0.90968,0.761236,0.7312169,0.831525,0.789909,0.768166,0.7885301,0.795594,0.691854,0.811891,0.788791,0.808661,0.805963,0.838733,0.664574,0.861451,0.850073,1,0.844274,0.794406,0.859769,0.830248,0.742631,0.792166,0.6689988,0.774317,0.6813824,0.803736,0.711175,0.798186,0.685814,0.798096,0.83893,0.865715,0.826077,0.781967,0.856472,0.86407,0.710394,0.675683,0.808712,0.786461,0.832985,0.862165,0.820574,0.784553,0.825022,0.744326,0.769699,0.710482,0.852751,0.820782,0.731433,0.734033,0.807796,0.783033,0.851565,0.780687,0.795484,0.735079,0.751844,0.848589,0.838832,0.676328,0.732572,0.754073,0.765342,0.7313,0.6257597,0.83733,0.835248,0.737612,0.849315,0.762628,0.799324,0.725187,0.785693,0.849605,0.701259
0.866907,0.674438,0.735954,0.872266,0.793526,0.874792,0.829937,0.875671,0.832285,0.874175,0.7001068,0.852498,0.72894,0.741655,0.765235,0.860985,0.794554,0.70756,0.7043,0.754914,0.842245,0.872529,0.772801,0.7512369,0.745109,0.777079,0.6866336,0.819929,0.786182,0.720332,0.811198,0.895177,0.841003,0.793456,0.808645,0.658433,0.874274,0.835222,0.844274,1,0.753381,0.85408,0.830881,0.80357,0.791125,0.754627,0.675413,0.705434,0.785946,0.677749,0.800214,0.701695,0.840417,0.859001,0.81493,0.755505,0.810187,0.841236,0.854743,0.656948,0.721309,0.827695,0.802387,0.749668,0.82827,0.7504461,0.766582,0.830144,0.809822,0.790067,0.758432,0.832938,0.746501,0.739333,0.723028,0.7572,0.790233,0.741654,0.817423,0.782818,0.805381,0.810202,0.836792,0.840464,0.743843,0.704344,0.749001,0.704135,0.738299,0.758641,0.848007,0.841607,0.722226,0.880478,0.719633,0.804365,0.766109,0.746019,0.757969,0.695456
0.942698,0.640611,0.727629,0.893112,0.91669,0.876291,0.897811,0.915447,0.939423,0.751139,0.795787,0.796312,0.728043,0.717198,0.760022,0.893347,0.764637,0.89887,0.7204852,0.780846,0.791765,0.8048047,0.770382,0.7107239,0.749713,0.943229,0.6643619,0.769693,0.783268,0.688304,0.778089,0.811706,0.887914,0.86384,0.7078427,0.845707,0.803314,0.89828,0.794406,0.753381,1,0.782178,0.780828,0.859418,0.756996,0.675317,0.6307511,0.678874,0.832992,0.81964,0.838869,0.704836,0.835705,0.845018,0.878996,0.789651,0.833237,0.949138,0.82041,0.669658,0.666086,0.789842,0.776803,0.787348,0.816208,0.790768,0.800517,0.769993,0.735094,0.833825,0.698548,0.831412,0.716945,0.760474,0.736374,0.834969,0.727957,0.736565,0.781249,0.742325,0.74561,0.793279,0.816292,0.904364,0.63951,0.719034,0.759971,0.719579,0.898819,0.654396,0.745158,0.800489,0.744103,0.898139,0.970713,0.798956,0.67512,0.692236,0.815839,0.779741
0.807733,0.6134109,0.876477,0.7797393,0.791629,0.926031,0.7395402,0.907683,0.835961,0.828574,0.72082,0.901197,0.622131,0.720145,0.788747,0.737164,0.855159,0.691366,0.659202,0.660162,0.803657,0.900053,0.681809,0.754483,0.76112,0.773955,0.666174,0.914907,0.751881,0.669477,0.92955,0.72968,0.752227,0.760254,0.926255,0.655315,0.842908,0.7981012,0.859769,0.85408,0.782178,1,0.978934,0.824061,0.880506,0.6133168,0.666005,0.609446,0.833502,0.720579,0.783498,0.794016,0.745642,0.762883,0.922158,0.840002,0.829222,0.848278,0.834526,0.678549,0.65433,0.797173,0.750185,0.860828,0.851842,0.762619,0.806922,0.884903,0.805638,0.723064,0.784366,0.85896,0.815196,0.719293,0.713426,0.745499,0.768553,0.807363,0.898721,0.768087,0.804996,0.787973,0.919253,0.893177,0.660553,0.642105,0.811589,0.698079,0.730436,0.734918,0.81072,0.839645,0.859131,0.871543,0.784767,0.863081,0.69221,0.72278,0.894152,0.735386
0.780817,0.549999,0.868753,0.782737,0.7376338,0.928752,0.773839,0.877728,0.837859,0.790921,0.7042336,0.885342,0.617992,0.744433,0.785366,0.751155,0.891017,0.706905,0.686213,0.68935,0.806251,0.894492,0.673997,0.7740316,0.756229,0.765758,0.65555,0.925515,0.752337,0.6684576,0.956852,0.716358,0.789499,0.796933,0.915672,0.68491,0.839253,0.793308,0.830248,0.830881,0.780828,0.978934,1,0.850421,0.918455,0.5786898,0.6194222,0.579657,0.842145,0.780699,0.768366,0.78399,0.730957,0.750283,0.909337,0.828591,0.816385,0.825348,0.82859,0.699138,0.608334,0.817617,0.779095,0.863642,0.882786,0.757818,0.795376,0.882117,0.829274,0.764019,0.817668,0.838566,0.787953,0.712787,0.723445,0.764104,0.774307,0.798455,0.936042,0.738265,0.814035,0.805214,0.949797,0.900981,0.656999,0.657529,0.813708,0.672981,0.752257,0.731105,0.80194,0.83762,0.85008,0.854015,0.75887,0.877675,0.670688,0.7030011,0.923111,0.779267
0.847845,0.599718,0.851252,0.817554,0.724603,0.908381,0.76923,0.911565,0.923254,0.707958,0.72528,0.847312,0.656593,0.78817,0.817794,0.775065,0.7505443,0.845536,0.754471,0.819951,0.837505,0.861675,0.8183556,0.784819,0.657031,0.830982,0.6524528,0.756352,0.874363,0.6339822,0.833721,0.850985,0.815183,0.907026,0.791409,0.878725,0.825406,0.793339,0.742631,0.80357,0.859418,0.824061,0.850421,1,0.823236,0.586791,0.5842153,0.697415,0.865945,0.835552,0.872218,0.773004,0.744382,0.846621,0.858513,0.833553,0.858865,0.915458,0.865016,0.783081,0.648033,0.749602,0.835581,0.800816,0.871508,0.753982,0.860484,0.782067,0.814675,0.840874,0.724355,0.788148,0.679515,0.813508,0.767733,0.860649,0.799008,0.746743,0.821493,0.778732,0.825002,0.885378,0.835347,0.917341,0.628898,0.663127,0.740457,0.627192,0.936383,0.726173,0.754325,0.83946,0.868696,0.835553,0.848096,0.906099,0.652369,0.6320452,0.827436,0.825496
0.729002,0.6145917,0.903544,0.79317,0.728344,0.858231,0.7986,0.782078,0.787338,0.7217126,0.752743,0.808263,0.709789,0.6950674,0.836552,0.759931,0.923375,0.70386,0.828352,0.726385,0.753522,0.863876,0.730413,0.756495,0.73772,0.728398,0.639248,0.862384,0.76436,0.693271,0.935247,0.697864,0.77175,0.811466,0.931152,0.728287,0.76245,0.765689,0.792166,0.791125,0.756996,0.880506,0.918455,0.823236,1,0.542012,0.67098,0.6425288,0.766968,0.765415,0.7413105,0.805442,0.800412,0.72976,0.853934,0.841771,0.772432,0.747513,0.788098,0.782065,0.641754,0.719926,0.775741,0.813933,0.847858,0.800653,0.773167,0.866156,0.822109,0.74215,0.837775,0.7300638,0.71355,0.782505,0.7089116,0.746268,0.80687,0.79997,0.930664,0.753538,0.699043,0.802555,0.963929,0.852612,0.708092,0.713218,0.737439,0.643797,0.699159,0.7027639,0.793674,0.808415,0.849231,0.788397,0.732615,0.87147,0.744665,0.714071,0.916064,0.740675
0.680901,0.838023,0.5145849,0.677014,0.695801,0.652017,0.711998,0.644146,0.644703,0.67528,0.6656625,0.6477053,0.658246,0.6054601,0.586118,0.696918,0.643483,0.6287318,0.59242,0.5773172,0.641565,0.653694,0.785791,0.668182,0.687476,0.753459,0.805399,0.52327,0.648931,0.848118,0.550924,0.747543,0.717582,0.641397,0.4876529,0.603603,0.757934,0.666212,0.6689988,0.754627,0.675317,0.6133168,0.5786898,0.586791,0.542012,1,0.723143,0.840384,0.600218,0.604607,0.743926,0.67617,0.731669,0.688279,0.5581209,0.64937,0.692282,0.637127,0.683213,0.700222,0.85643,0.775898,0.740417,0.6508726,0.670123,0.6374966,0.689779,0.656699,0.692823,0.609237,0.57557,0.706158,0.839112,0.6159984,0.794446,0.687187,0.571659,0.6032892,0.567979,0.6318446,0.722798,0.64386,0.5914727,0.639622,0.790696,0.74476,0.691457,0.785256,0.627574,0.767998,0.771921,0.671719,0.636598,0.7264634,0.716929,0.63667,0.840844,0.830511,0.5344005,0.66666
0.647795,0.730658,0.736463,0.719226,0.7334027,0.697814,0.701525,0.698591,0.69599,0.746683,0.758783,0.74212,0.845274,0.697291,0.783626,0.673176,0.724723,0.648115,0.77762,0.640586,0.693687,0.676813,0.752901,0.566795,0.634,0.73318,0.790894,0.673205,0.682873,0.810303,0.660361,0.62854,0.774485,0.665138,0.66786,0.649735,0.655685,0.702423,0.774317,0.675413,0.6307511,0.666005,0.6194222,0.5842153,0.67098,0.723143,1,0.657387,0.601653,0.544619,0.664524,0.653012,0.739421,0.694105,0.738545,0.763717,0.683601,0.675272,0.768659,0.804206,0.729885,0.705979,0.654911,0.786552,0.722956,0.829504,0.686331,0.670857,0.5691589,0.580914,0.769411,0.686765,0.853927,0.681325,0.618932,0.760271,0.682711,0.834336,0.638984,0.716706,0.59059,0.622608,0.660859,0.6366966,0.6993224,0.7076203,0.6060915,0.658422,0.570333,0.694252,0.682072,0.726857,0.704544,0.747759,0.6109871,0.658666,0.6631543,0.777592,0.691036,0.615105
0.694095,0.791286,0.686615,0.677074,0.676512,0.65766038,0.681235,0.672616,0.696056,0.699846,0.874713,0.626072,0.72919,0.686562,0.768174,0.643558,0.72127,0.728265,0.749255,0.725501,0.679377,0.717813,0.884012,0.705155,0.765782,0.683871,0.878097,0.602507,0.78843,0.833558,0.583667,0.764464,0.712448,0.734712,0.6370139,0.668552,0.784981,0.717348,0.6813824,0.705434,0.678874,0.609446,0.579657,0.697415,0.6425288,0.840384,0.657387,1,0.616433,0.600052,0.75616,0.733435,0.733231,0.754559,0.652834,0.7123788,0.710951,0.690055,0.69531,0.761403,0.881915,0.789421,0.798143,0.61631,0.708043,0.785455,0.720744,0.7112208,0.7074449,0.680168,0.676353,0.743779,0.762827,0.7136241,0.891823,0.721022,0.711775,0.75976,0.568536,0.784196,0.72754,0.739307,0.620878,0.625875,0.930068,0.905343,0.766354,0.88539,0.742524,0.810665,0.744864,0.672597,0.757976,0.677837,0.678555,0.676798,0.925343,0.878089,0.669585,0.620112
0.838958,0.570387,0.819279,0.801538,0.733097,0.908339,0.746991,0.884823,0.907079,0.699277,0.71838,0.834494,0.625446,0.812001,0.776497,0.760649,0.767245,0.787666,0.6270453,0.810288,0.80812,0.913333,0.747282,0.886319,0.736532,0.82492,0.674084,0.795726,0.829635,0.628116,0.810348,0.828328,0.815293,0.834937,0.773182,0.746679,0.765546,0.778655,0.803736,0.785946,0.832992,0.833502,0.842145,0.865945,0.766968,0.600218,0.601653,0.616433,1,0.796323,0.761816,0.738653,0.736182,0.778008,0.887315,0.886212,0.811753,0.88625,0.840137,0.6666256,0.581253,0.735633,0.846841,0.845728,0.902785,0.772585,0.823676,0.737827,0.696132,0.805881,0.68272,0.755743,0.650006,0.77169,0.6412854,0.835835,0.746159,0.751932,0.800807,0.682769,0.793974,0.741891,0.839942,0.897168,0.5146337,0.581878,0.649784,0.662348,0.870781,0.627928,0.762771,0.796002,0.817668,0.866158,0.810641,0.810291,0.560208,0.5940197,0.882376,0.750656
0.740906,0.576464,0.694914,0.75106,0.709957,0.769148,0.786826,0.752556,0.802944,0.694365,0.664803,0.733583,0.5937764,0.751767,0.669573,0.726755,0.779879,0.802413,0.732269,0.809617,0.742543,0.708432,0.682437,0.828274,0.649967,0.732397,0.5371389,0.670488,0.765442,0.635676,0.760854,0.657571,0.747503,0.817855,0.681449,0.885296,0.771359,0.731849,0.711175,0.677749,0.81964,0.720579,0.780699,0.835552,0.765415,0.604607,0.544619,0.600052,0.796323,1,0.844824,0.670108,0.734395,0.751895,0.71284,0.6210971,0.72392,0.778423,0.734607,0.734747,0.6308559,0.70105,0.681421,0.6667576,0.745666,0.663546,0.771901,0.729956,0.782648,0.824117,0.669547,0.7287,0.672319,0.676056,0.702574,0.726956,0.827139,0.640359,0.780302,0.7187506,0.794924,0.874034,0.774757,0.831057,0.663255,0.703765,0.7142816,0.638297,0.830351,0.642102,0.720495,0.768191,0.720053,0.6975306,0.827724,0.802528,0.674936,0.654877,0.748469,0.965914
0.869632,0.660241,0.7365819,0.840603,0.758779,0.840358,0.804707,0.871097,0.845225,0.775957,0.751081,0.804188,0.663158,0.698105,0.768723,0.780494,0.70716,0.817752,0.741036,0.762354,0.763842,0.812874,0.873313,0.801542,0.663838,0.857106,0.732102,0.679777,0.824447,0.7242,0.754101,0.817904,0.814691,0.83154,0.710805,0.808498,0.848252,0.821533,0.798186,0.800214,0.838869,0.783498,0.768366,0.872218,0.7413105,0.743926,0.664524,0.75616,0.761816,0.844824,1,0.739541,0.799305,0.846265,0.781919,0.766457,0.7948,0.845044,0.829932,0.781353,0.782691,0.768555,0.782349,0.766625,0.778152,0.803688,0.826098,0.813746,0.815682,0.771248,0.64247,0.817584,0.798219,0.738522,0.816367,0.814677,0.812883,0.772478,0.7419258,0.808633,0.791647,0.859613,0.767832,0.827556,0.744984,0.723803,0.751518,0.715728,0.844144,0.760074,0.830165,0.78123,0.822896,0.830835,0.859649,0.840972,0.786604,0.750827,0.758265,0.865311
0.684764,0.754388,0.815094,0.735329,0.707579,0.724787,0.687612,0.782281,0.706256,0.63763,0.64791,0.714375,0.639192,0.6194892,0.742636,0.714097,0.729314,0.608439,0.701001,0.620033,0.678858,0.760519,0.715845,0.594455,0.75523,0.681531,0.681221,0.722288,0.673578,0.735235,0.771236,0.6614516,0.660981,0.710208,0.83402,0.672592,0.661224,0.668243,0.685814,0.701695,0.704836,0.794016,0.78399,0.773004,0.805442,0.67617,0.653012,0.733435,0.738653,0.670108,0.739541,1,0.782901,0.655713,0.768857,0.816708,0.898085,0.711618,0.698263,0.68549,0.691866,0.613826,0.640536,0.773478,0.675231,0.745993,0.904307,0.695173,0.666073,0.665475,0.641622,0.661693,0.776491,0.862158,0.678442,0.657492,0.600658,0.707048,0.780297,0.747432,0.700395,0.736363,0.784133,0.764436,0.6327909,0.696708,0.793753,0.699268,0.698742,0.863123,0.651249,0.717049,0.773542,0.697052,0.723014,0.851906,0.72355,0.762002,0.852795,0.735062
0.800465,0.720802,0.729789,0.936241,0.859008,0.821757,0.842103,0.82712,0.787088,0.844775,0.790306,0.864342,0.838545,0.767091,0.841625,0.876625,0.811892,0.768218,0.783285,0.756843,0.850076,0.806648,0.734304,0.741907,0.848683,0.831522,0.610124,0.707878,0.810018,0.717842,0.779324,0.770341,0.813306,0.8338,0.743845,0.665639,0.830899,0.850021,0.798096,0.840417,0.835705,0.745642,0.730957,0.744382,0.800412,0.731669,0.739421,0.733231,0.736182,0.734395,0.799305,0.782901,1,0.894474,0.772166,0.78568,0.818715,0.7867861,0.870627,0.674098,0.728842,0.783017,0.752988,0.75099,0.798935,0.833585,0.776058,0.814935,0.73848,0.835857,0.741131,0.76403,0.714913,0.755179,0.748275,0.806384,0.805298,0.786609,0.78903,0.882382,0.800587,0.838049,0.824564,0.790402,0.745617,0.743458,0.822188,0.791085,0.754327,0.762012,0.807073,0.892785,0.6991,0.792368,0.839468,0.79703,0.804556,0.715884,0.761965,0.756668
0.854843,0.657414,0.733091,0.943063,0.891611,0.857709,0.856938,0.854073,0.828263,0.882721,0.817898,0.874563,0.757367,0.854558,0.824623,0.882828,0.785999,0.922345,0.815117,0.915818,0.911379,0.848318,0.82122,0.791076,0.816497,0.837725,0.720828,0.709775,0.936279,0.646006,0.736669,0.861787,0.8368032,0.930559,0.700129,0.797805,0.920515,0.90418,0.83893,0.859001,0.845018,0.762883,0.750283,0.846621,0.72976,0.688279,0.694105,0.754559,0.778008,0.751895,0.846265,0.655713,0.894474,1,0.781313,0.76093,0.812123,0.8330224,0.908656,0.786045,0.747503,0.816806,0.847334,0.745431,0.860187,0.806268,0.752077,0.803719,0.805923,0.921465,0.755803,0.839655,0.676151,0.761306,0.799454,0.897848,0.873206,0.784412,0.740156,0.839062,0.877219,0.886938,0.764338,0.782874,0.72721,0.702202,0.779851,0.757186,0.891074,0.728054,0.779476,0.891728,0.725575,0.764644,0.813843,0.802815,0.736572,0.668089,0.722945,0.736022
0.866762,0.622106,0.927572,0.829622,0.821129,0.95793,0.789642,0.933423,0.929929,0.765622,0.793148,0.871614,0.743068,0.726155,0.844854,0.811057,0.841813,0.752285,0.753789,0.736872,0.804641,0.914034,0.751781,0.77077,0.741376,0.849874,0.709104,0.918866,0.789631,0.674512,0.888967,0.78209,0.846499,0.807398,0.893049,0.77824,0.814595,0.821754,0.865715,0.81493,0.878996,0.922158,0.909337,0.858513,0.853934,0.5581209,0.738545,0.652834,0.887315,0.71284,0.781919,0.768857,0.772166,0.781313,1,0.93131,0.839962,0.923345,0.8505,0.705434,0.632639,0.76828,0.805628,0.897243,0.91491,0.827301,0.826577,0.858742,0.738733,0.766454,0.835882,0.802259,0.737701,0.788924,0.674523,0.825171,0.767752,0.829366,0.842472,0.739131,0.717314,0.750753,0.899786,0.914813,0.6388976,0.686955,0.767158,0.714962,0.818659,0.628026,0.799069,0.804903,0.870552,0.916545,0.834579,0.831014,0.665093,0.70441,0.927633,0.676988
0.79533,0.708293,0.944624,0.800404,0.769116,0.896725,0.748963,0.844421,0.868078,0.713178,0.77479,0.834612,0.799183,0.731744,0.873482,0.751407,0.811045,0.752,0.775832,0.78288,0.795808,0.91296,0.798514,0.774447,0.746853,0.812299,0.740724,0.826443,0.844066,0.704875,0.846441,0.791324,0.824234,0.835607,0.842646,0.759269,0.781834,0.775745,0.826077,0.755505,0.789651,0.840002,0.828591,0.833553,0.841771,0.64937,0.763717,0.7123788,0.886212,0.6210971,0.766457,0.816708,0.78568,0.76093,0.93131,1,0.770716,0.839739,0.841549,0.784617,0.737863,0.736836,0.872532,0.892067,0.889546,0.831058,0.829371,0.830029,0.741267,0.756763,0.804806,0.744197,0.702375,0.832894,0.717135,0.839466,0.752603,0.807343,0.817271,0.74226,0.717963,0.702685,0.872072,0.841615,0.661465,0.652704,0.6657212,0.714982,0.798544,0.685805,0.778292,0.797684,0.897509,0.863052,0.759486,0.770631,0.700584,0.6426493,0.904049,0.678447
0.814149,0.709668,0.805159,0.826147,0.845639,0.83627,0.766302,0.917823,0.841448,0.759023,0.721301,0.796726,0.657266,0.74633,0.727573,0.799612,0.7181238,0.7430253,0.701142,0.714445,0.778391,0.815324,0.739639,0.677359,0.829627,0.775924,0.683342,0.758032,0.737798,0.698622,0.765048,0.807233,0.743249,0.7642991,0.84539,0.734959,0.776773,0.760939,0.781967,0.810187,0.833237,0.829222,0.816385,0.858865,0.772432,0.692282,0.683601,0.710951,0.811753,0.72392,0.7948,0.898085,0.818715,0.812123,0.839962,0.770716,1,0.874219,0.784233,0.617735,0.665114,0.705799,0.668131,0.807808,0.782301,0.762962,0.937024,0.696413,0.6377618,0.796744,0.6345417,0.742751,0.766898,0.831854,0.678849,0.766063,0.695458,0.750034,0.762957,0.74463,0.733251,0.797607,0.778519,0.834859,0.647797,0.723511,0.822423,0.708788,0.83474,0.824308,0.6985731,0.792788,0.732004,0.776742,0.821403,0.934646,0.687528,0.772346,0.85188,0.735199
0.95545,0.633255,0.796498,0.854347,0.887922,0.937769,0.798365,0.978098,0.984313,0.819455,0.798742,0.839502,0.684754,0.757597,0.772499,0.812196,0.761854,0.863753,0.718083,0.766558,0.81882,0.887745,0.79388,0.757326,0.7404165,0.914812,0.673539,0.7795,0.7928752,0.68184,0.803822,0.887395,0.843183,0.842213,0.78667,0.87049,0.815996,0.874168,0.856472,0.841236,0.949138,0.848278,0.825348,0.915458,0.747513,0.637127,0.675272,0.690055,0.88625,0.778423,0.845044,0.711618,0.7867861,0.8330224,0.923345,0.839739,0.874219,1,0.857933,0.678072,0.665914,0.748923,0.793029,0.815375,0.884402,0.78942,0.838276,0.76642,0.732273,0.791096,0.714194,0.838161,0.718291,0.762216,0.707846,0.834342,0.747096,0.77157,0.778049,0.7153245,0.751668,0.805574,0.820347,0.936818,0.6070068,0.7012,0.75684,0.6865033,0.924479,0.652038,0.780772,0.814988,0.787162,0.922623,0.906455,0.845474,0.648276,0.6733465,0.834738,0.743254
0.842673,0.6657464,0.80696,0.938078,0.822845,0.907571,0.7943724,0.853638,0.889367,0.841067,0.789439,0.954425,0.7461873,0.907926,0.905353,0.853514,0.807602,0.840828,0.803059,0.865652,0.962301,0.890572,0.868834,0.779763,0.798215,0.869363,0.779296,0.775601,0.906506,0.696572,0.854415,0.830858,0.917981,0.943982,0.762201,0.727741,0.85181,0.894113,0.86407,0.854743,0.82041,0.834526,0.82859,0.865016,0.788098,0.683213,0.768659,0.69531,0.840137,0.734607,0.829932,0.698263,0.870627,0.908656,0.8505,0.841549,0.784233,0.857933,1,0.800845,0.707112,0.798167,0.850898,0.865492,0.902774,0.879915,0.819217,0.833592,0.810493,0.8572,0.79617,0.810302,0.762401,0.845911,0.747068,0.946766,0.870618,0.876874,0.833355,0.7946637,0.835589,0.835525,0.837346,0.859527,0.656794,0.657664,0.726995,0.736989,0.817184,0.763477,0.82262,0.978886,0.849111,0.858325,0.808463,0.841518,0.696242,0.6851724,0.795881,0.745823
0.705337,0.719309,0.809048,0.742329,0.660036,0.724648,0.657153,0.667586,0.720443,0.675402,0.817785,0.720964,0.718627,0.748767,0.835891,0.647934,0.759977,0.819127,0.848307,0.857171,0.750795,0.744327,0.855178,0.745612,0.596319,0.731754,0.791944,0.659045,0.842716,0.807783,0.754513,0.714787,0.760539,0.827882,0.709673,0.81322,0.716944,0.766209,0.710394,0.656948,0.669658,0.678549,0.699138,0.783081,0.782065,0.700222,0.804206,0.761403,0.6666256,0.734747,0.781353,0.68549,0.674098,0.786045,0.705434,0.784617,0.617735,0.678072,0.800845,1,0.748138,0.650171,0.755761,0.709907,0.748343,0.831872,0.6562524,0.729596,0.763525,0.695321,0.788427,0.761798,0.76859,0.677155,0.738736,0.833486,0.819429,0.840337,0.734969,0.752867,0.779312,0.74489,0.748762,0.737149,0.719721,0.724132,0.643642,0.638805,0.743654,0.683797,0.697844,0.769025,0.771897,0.714973,0.657769,0.740454,0.712478,0.7584,0.698937,0.782626
0.678537,0.784852,0.715991,0.670682,0.689257,0.676944,0.695051,0.653391,0.65792,0.741865,0.775802,0.651857,0.783266,0.625097,0.697313,0.656065,0.6506761,0.664341,0.708532,0.673639,0.678371,0.698853,0.823305,0.68414,0.686025,0.713296,0.760277,0.598196,0.738609,0.772148,0.5859082,0.738241,0.722208,0.684252,0.635685,0.703256,0.819998,0.7042788,0.675683,0.721309,0.666086,0.65433,0.608334,0.648033,0.641754,0.85643,0.729885,0.881915,0.581253,0.6308559,0.782691,0.691866,0.728842,0.747503,0.632639,0.737863,0.665114,0.665914,0.707112,0.748138,1,0.823853,0.783771,0.685527,0.670747,0.706181,0.734536,0.773352,0.77792,0.624372,0.677218,0.76661,0.703832,0.669861,0.84499,0.722562,0.75565,0.67839,0.575597,0.778066,0.68374,0.730423,0.623849,0.597963,0.864428,0.810001,0.709124,0.767703,0.674924,0.789447,0.713505,0.69025,0.760032,0.708792,0.674584,0.63214,0.88231,0.7545,0.618871,0.728652
0.786113,0.664677,0.6902899,0.817091,0.814191,0.856557,0.775508,0.793662,0.726718,0.839165,0.814041,0.764673,0.770126,0.724898,0.735857,0.781548,0.796669,0.798044,0.730833,0.74189,0.790921,0.840586,0.813422,0.789925,0.828639,0.804397,0.761977,0.77823,0.796297,0.727152,0.771791,0.747835,0.795199,0.78584,0.707616,0.655292,0.922375,0.832466,0.808712,0.827695,0.789842,0.797173,0.817617,0.749602,0.719926,0.775898,0.705979,0.789421,0.735633,0.70105,0.768555,0.613826,0.783017,0.816806,0.76828,0.736836,0.705799,0.748923,0.798167,0.650171,0.823853,1,0.822607,0.716288,0.823887,0.798277,0.740872,0.8879,0.84983,0.771111,0.7144654,0.91104,0.7004152,0.681464,0.913217,0.777328,0.763133,0.790271,0.742596,0.785522,0.771725,0.762395,0.784724,0.7131861,0.802659,0.783801,0.820133,0.853243,0.773199,0.766378,0.802067,0.789797,0.753658,0.82276,0.749991,0.712767,0.776524,0.723376,0.714279,0.691859
0.743786,0.686011,0.829256,0.791451,0.72899,0.86308,0.828037,0.780888,0.831276,0.767304,0.753665,0.809478,0.747735,0.80533,0.795358,0.790939,0.7590011,0.823524,0.705725,0.800129,0.819504,0.861355,0.83958,0.837994,0.765665,0.786065,0.788477,0.762855,0.883623,0.617546,0.787648,0.835931,0.855731,0.86581,0.707797,0.710246,0.852128,0.811752,0.786461,0.802387,0.776803,0.750185,0.779095,0.835581,0.775741,0.740417,0.654911,0.798143,0.846841,0.681421,0.782349,0.640536,0.752988,0.847334,0.805628,0.872532,0.668131,0.793029,0.850898,0.755761,0.783771,0.822607,1,0.834624,0.899999,0.758673,0.718006,0.808136,0.793037,0.781447,0.735992,0.775246,0.65897,0.734206,0.800763,0.881113,0.778178,0.73704,0.764409,0.728991,0.791118,0.742633,0.800148,0.791308,0.721155,0.647205,0.684461,0.727048,0.826748,0.709635,0.743833,0.839631,0.861731,0.813647,0.765887,0.707905,0.750127,0.649391,0.79093,0.660401
0.775133,0.666533,0.874588,0.79187,0.750122,0.87129,0.815394,0.817236,0.870116,0.779023,0.727371,0.874512,0.708682,0.75388,0.78333,0.765074,0.766443,0.711809,0.638104,0.660088,0.807197,0.837097,0.766211,0.6977224,0.754787,0.812785,0.718021,0.820824,0.734525,0.70084,0.893841,0.767075,0.852736,0.7911,0.805418,0.669685,0.758193,0.783045,0.832985,0.749668,0.787348,0.860828,0.863642,0.800816,0.813933,0.6508726,0.786552,0.61631,0.845728,0.6667576,0.766625,0.773478,0.75099,0.745431,0.897243,0.892067,0.807808,0.815375,0.865492,0.709907,0.685527,0.716288,0.834624,1,0.880296,0.802366,0.8357,0.779841,0.694298,0.69747,0.769306,0.70823,0.808913,0.77054,0.640453,0.882646,0.70569,0.793626,0.864206,0.687503,0.678695,0.675342,0.859418,0.843781,0.579887,0.620937,0.725123,0.651656,0.731997,0.755137,0.769231,0.84136,0.861909,0.832527,0.765909,0.827223,0.631727,0.717788,0.90559,0.734977
0.834147,0.671767,0.870831,0.850413,0.798329,0.952251,0.801375,0.878388,0.911024,0.796524,0.816588,0.879323,0.748603,0.870646,0.852555,0.784142,0.908259,0.827335,0.7536571,0.824276,0.886211,0.930118,0.804655,0.872542,0.827752,0.81983,0.711598,0.829369,0.862146,0.704254,0.861684,0.831686,0.864344,0.895753,0.833183,0.745149,0.887413,0.823642,0.862165,0.82827,0.816208,0.851842,0.882786,0.871508,0.847858,0.670123,0.722956,0.708043,0.902785,0.745666,0.778152,0.675231,0.798935,0.860187,0.91491,0.889546,0.782301,0.884402,0.902774,0.748343,0.670747,0.823887,0.899999,0.880296,1,0.83761,0.769324,0.844305,0.80174,0.846291,0.863356,0.785515,0.693319,0.738965,0.730808,0.896997,0.816382,0.833954,0.8266,0.747212,0.8059,0.799587,0.878311,0.878271,0.711727,0.706981,0.754769,0.782129,0.8371,0.66305,0.843932,0.887144,0.845568,0.868658,0.767468,0.81788,0.724672,0.716948,0.882335,0.689017
0.805685,0.633783,0.810921,0.889691,0.786237,0.817676,0.811425,0.814491,0.826221,0.788455,0.903801,0.83185,0.799906,0.815947,0.951618,0.817334,0.810368,0.777035,0.862671,0.781765,0.823889,0.819466,0.893643,0.713495,0.765571,0.825311,0.843783,0.762401,0.818229,0.823567,0.818636,0.727398,0.889278,0.83013,0.762124,0.683017,0.766196,0.860684,0.820574,0.7504461,0.790768,0.762619,0.757818,0.753982,0.800653,0.6374966,0.829504,0.785455,0.772585,0.663546,0.803688,0.745993,0.833585,0.806268,0.827301,0.831058,0.762962,0.78942,0.879915,0.831872,0.706181,0.798277,0.758673,0.802366,0.83761,1,0.771365,0.795777,0.717691,0.737989,0.812418,0.826097,0.839532,0.791333,0.801715,0.864822,0.758525,0.973361,0.800128,0.869901,0.73558,0.767427,0.808877,0.818957,0.779014,0.786238,0.760525,0.809473,0.721787,0.809549,0.794223,0.851276,0.855591,0.840753,0.771439,0.809055,0.761165,0.800682,0.837097,0.67508
0.773134,0.705289,0.834419,0.801526,0.749632,0.817561,0.756598,0.858933,0.862587,0.69553,0.693459,0.78537,0.641793,0.748463,0.765092,0.788872,0.675915,0.697503,0.720269,0.688968,0.801915,0.829613,0.796557,0.6467645,0.766243,0.761285,0.729192,0.778262,0.720313,0.700436,0.756662,0.791017,0.79214,0.799458,0.814634,0.746749,0.746978,0.760054,0.784553,0.766582,0.800517,0.806922,0.795376,0.860484,0.773167,0.689779,0.686331,0.720744,0.823676,0.771901,0.826098,0.904307,0.776058,0.752077,0.826577,0.829371,0.937024,0.838276,0.819217,0.6562524,0.734536,0.740872,0.718006,0.8357,0.769324,0.771365,1,0.684363,0.647499,0.768913,0.628183,0.752779,0.761198,0.93075,0.719082,0.796151,0.694599,0.758767,0.763713,0.734579,0.690566,0.777506,0.784499,0.85758,0.635086,0.705749,0.758956,0.716427,0.804319,0.856018,0.6770229,0.804306,0.822827,0.7665519,0.801957,0.907231,0.6679072,0.743215,0.850701,0.803479
0.7662093,0.666728,0.824654,0.824172,0.798077,0.886729,0.717894,0.822708,0.756226,0.865436,0.785134,0.863432,0.760626,0.69194,0.827948,0.742776,0.866473,0.739061,0.769015,0.741828,0.815621,0.862991,0.760759,0.805833,0.81446,0.782447,0.696607,0.823346,0.829903,0.684487,0.893903,0.69438,0.756828,0.791112,0.832567,0.688324,0.908122,0.813139,0.825022,0.830144,0.769993,0.884903,0.882117,0.782067,0.866156,0.656699,0.670857,0.7112208,0.737827,0.729956,0.813746,0.695173,0.814935,0.803719,0.858742,0.830029,0.696413,0.76642,0.833592,0.729596,0.773352,0.8879,0.808136,0.779841,0.844305,0.795777,0.684363,1,0.926089,0.773589,0.843844,0.849283,0.706994,0.691203,0.865597,0.748065,0.890864,0.796032,0.845233,0.819282,0.818541,0.792987,0.87806,0.77934,0.799331,0.734395,0.874402,0.801816,0.734347,0.773017,0.807913,0.846127,0.833852,0.837275,0.732625,0.753916,0.819053,0.701038,0.788453,0.737245
0.737449,0.623569,0.756291,0.772696,0.707538,0.84633,0.684663,0.770155,0.723581,0.806521,0.721215,0.803016,0.702538,0.728095,0.777275,0.70688,0.847867,0.750344,0.787531,0.761408,0.801973,0.796306,0.76273,0.778888,0.742989,0.742268,0.653503,0.737076,0.804067,0.646887,0.807874,0.674051,0.724481,0.810797,0.769378,0.75041,0.900556,0.763768,0.744326,0.809822,0.735094,0.805638,0.829274,0.814675,0.822109,0.692823,0.5691589,0.7074449,0.696132,0.782648,0.815682,0.666073,0.73848,0.805923,0.738733,0.741267,0.6377618,0.732273,0.810493,0.763525,0.77792,0.84983,0.793037,0.694298,0.80174,0.717691,0.647499,0.926089,1,0.791453,0.825053,0.835865,0.651808,0.670556,0.861038,0.719577,0.876038,0.706397,0.774159,0.818622,0.842768,0.88242,0.793554,0.750724,0.802733,0.730341,0.820796,0.717083,0.74041,0.751791,0.740925,0.823747,0.797262,0.792634,0.711215,0.721917,0.827039,0.65968,0.712073,0.804612
0.774904,0.632764,0.730808,0.873815,0.836841,0.8397,0.7725172,0.799843,0.798383,0.752862,0.732813,0.854011,0.705485,0.86974,0.800021,0.847478,0.805298,0.8979,0.781408,0.913292,0.925983,0.841456,0.730468,0.825421,0.829101,0.781286,0.6238025,0.723329,0.902992,0.593369,0.722989,0.770571,0.810384,0.92937,0.725206,0.759561,0.844865,0.791523,0.769699,0.790067,0.833825,0.723064,0.764019,0.840874,0.74215,0.609237,0.580914,0.680168,0.805881,0.824117,0.771248,0.665475,0.835857,0.921465,0.766454,0.756763,0.796744,0.791096,0.8572,0.695321,0.624372,0.771111,0.781447,0.69747,0.846291,0.737989,0.768913,0.773589,0.791453,1,0.785954,0.753961,0.580819,0.771059,0.727459,0.843409,0.850961,0.692049,0.741128,0.775547,0.880319,0.878829,0.763756,0.771804,0.650476,0.669272,0.769333,0.723463,0.892343,0.699009,0.757613,0.871498,0.708919,0.722244,0.799694,0.7606838,0.657382,0.61365,0.738174,0.758411
0.696334,0.673219,0.84427,0.777932,0.734338,0.804623,0.704793,0.721864,0.735937,0.697439,0.820277,0.813689,0.756424,0.794657,0.884806,0.7159728,0.893665,0.692657,0.820041,0.76298,0.842031,0.776006,0.712753,0.725533,0.751794,0.694159,0.631027,0.842483,0.776802,0.739745,0.808604,0.655273,0.752706,0.76006,0.830356,0.729713,0.76931,0.743465,0.710482,0.758432,0.698548,0.784366,0.817668,0.724355,0.837775,0.57557,0.769411,0.676353,0.68272,0.669547,0.64247,0.641622,0.741131,0.755803,0.835882,0.804806,0.6345417,0.714194,0.79617,0.788427,0.677218,0.7144654,0.735992,0.769306,0.863356,0.812418,0.628183,0.843844,0.825053,0.785954,1,0.674201,0.665461,0.73788,0.677503,0.758133,0.856631,0.822673,0.770968,0.77282,0.747811,0.806124,0.800461,0.748874,0.760783,0.777832,0.766757,0.730173,0.673417,0.657169,0.719098,0.798939,0.814625,0.740694,0.631238,0.689658,0.74968,0.713215,0.767579,0.640367
0.882168,0.5369453,0.717855,0.860873,0.823049,0.884841,0.810282,0.87226,0.806748,0.859603,0.828858,0.777722,0.6666833,0.708149,0.744165,0.808639,0.764797,0.815661,0.779124,0.756099,0.750398,0.878571,0.853513,0.7277249,0.791964,0.844494,0.805126,0.7539506,0.789697,0.75726,0.771144,0.753972,0.834537,0.784427,0.74748,0.712815,0.896976,0.901286,0.852751,0.832938,0.831412,0.85896,0.838566,0.788148,0.7300638,0.706158,0.686765,0.743779,0.755743,0.7287,0.817584,0.661693,0.76403,0.839655,0.802259,0.744197,0.742751,0.838161,0.810302,0.761798,0.76661,0.91104,0.775246,0.70823,0.785515,0.826097,0.752779,0.849283,0.835865,0.753961,0.674201,1,0.748538,0.721191,0.88305,0.78812,0.756385,0.820829,0.758934,0.7707559,0.787081,0.776183,0.811572,0.827096,0.741291,0.716861,0.757893,0.78307,0.758032,0.7136229,0.807254,0.7805581,0.760881,0.900868,0.804631,0.800126,0.695674,0.700323,0.743267,0.754091
0.730994,0.75235,0.685015,0.707944,0.70954,0.725529,0.745921,0.769512,0.733771,0.779817,0.758206,0.746634,0.636932,0.653936,0.728943,0.689453,0.729728,0.6191676,0.6562,0.557469,0.645783,0.710139,0.808509,0.6449733,0.6609565,0.751247,0.818881,0.73227,0.63694,0.916934,0.769852,0.68627,0.780545,0.659169,0.726189,0.619499,0.705548,0.728065,0.820782,0.746501,0.716945,0.815196,0.787953,0.679515,0.71355,0.839112,0.853927,0.762827,0.650006,0.672319,0.798219,0.776491,0.714913,0.676151,0.737701,0.702375,0.766898,0.718291,0.762401,0.76859,0.703832,0.7004152,0.65897,0.808913,0.693319,0.839532,0.761198,0.706994,0.651808,0.580819,0.665461,0.748538,1,0.674349,0.70348,0.717542,0.615801,0.853153,0.752031,0.732388,0.71955,0.689961,0.740639,0.769327,0.762794,0.823344,0.789582,0.769774,0.630463,0.783431,0.78176,0.721524,0.766877,0.800915,0.73702,0.780629,0.782783,0.953695,0.789717,0.720028
0.733373,0.703076,0.83627,0.803639,0.683254,0.775517,0.726442,0.740767,0.79882,0.67011,0.698549,0.775531,0.690393,0.82595,0.850647,0.812161,0.697535,0.711321,0.812192,0.772415,0.857804,0.83386,0.808093,0.595042,0.756255,0.71438,0.7724421,0.775059,0.768047,0.647165,0.69976,0.77811,0.7841,0.838504,0.815419,0.704803,0.6796422,0.729445,0.731433,0.739333,0.760474,0.719293,0.712787,0.813508,0.782505,0.6159984,0.681325,0.7136241,0.77169,0.676056,0.738522,0.862158,0.755179,0.761306,0.788924,0.832894,0.831854,0.762216,0.845911,0.677155,0.669861,0.681464,0.734206,0.77054,0.738965,0.791333,0.93075,0.691203,0.670556,0.771059,0.73788,0.721191,0.674349,1,0.696584,0.791548,0.750781,0.786774,0.684246,0.733271,0.655968,0.730523,0.750385,0.781684,0.636401,0.684327,0.72229,0.712341,0.738864,0.83326,0.669707,0.818749,0.817097,0.734178,0.732711,0.818896,0.677756,0.707791,0.817282,0.677523
0.768738,0.757064,0.696364,0.782863,0.745947,0.763362,0.713675,0.7207352,0.702203,0.788327,0.848908,0.682915,0.734083,0.671632,0.762799,0.720872,0.76223,0.776892,0.788525,0.743475,0.711006,0.785753,0.867855,0.751144,0.807191,0.753123,0.806025,0.657379,0.803588,0.801275,0.716718,0.770744,0.730628,0.757324,0.650043,0.686202,0.903311,0.818104,0.734033,0.723028,0.736374,0.713426,0.723445,0.767733,0.7089116,0.794446,0.618932,0.891823,0.6412854,0.702574,0.816367,0.678442,0.748275,0.799454,0.674523,0.717135,0.678849,0.707846,0.747068,0.738736,0.84499,0.913217,0.800763,0.640453,0.730808,0.801715,0.719082,0.865597,0.861038,0.727459,0.677503,0.88305,0.70348,0.696584,1,0.72792,0.756545,0.790798,0.696818,0.801519,0.778444,0.772713,0.718238,0.69899,0.878726,0.854163,0.85007,0.889351,0.775567,0.787871,0.792071,0.7228808,0.792972,0.737338,0.725508,0.718336,0.84107,0.783197,0.709516,0.731733
0.820714,0.657271,0.804863,0.893927,0.808395,0.864456,0.82988,0.814846,0.882644,0.771065,0.817749,0.893719,0.7550335,0.889667,0.863154,0.824654,0.756261,0.889834,0.771971,0.871484,0.913176,0.841867,0.896802,0.786567,0.714927,0.873717,0.811656,0.728978,0.904693,0.683086,0.784546,0.835651,0.925018,0.938249,0.697851,0.759043,0.81114,0.86821,0.807796,0.7572,0.834969,0.745499,0.764104,0.860649,0.746268,0.687187,0.760271,0.721022,0.835835,0.726956,0.814677,0.657492,0.806384,0.897848,0.825171,0.839466,0.766063,0.834342,0.946766,0.833486,0.722562,0.777328,0.881113,0.882646,0.896997,0.864822,0.796151,0.748065,0.719577,0.843409,0.758133,0.78812,0.717542,0.791548,0.72792,1,0.807542,0.83291,0.772098,0.746083,0.773554,0.781168,0.784163,0.81649,0.642458,0.645995,0.666198,0.697385,0.858399,0.741837,0.781425,0.912718,0.839933,0.811358,0.813016,0.812537,0.645806,0.678284,0.782033,0.714586
0.722776,0.659257,0.810464,0.830436,0.769854,0.817363,0.693021,0.76561,0.747332,0.811924,0.761289,0.858881,0.759784,0.83666,0.85655,0.734018,0.801317,0.79949,0.848663,0.908002,0.899804,0.802472,0.763993,0.861481,0.755735,0.730531,0.65797,0.725461,0.907285,0.605929,0.781529,0.71891,0.774043,0.869545,0.788222,0.806145,0.868267,0.781586,0.783033,0.790233,0.727957,0.768553,0.774307,0.799008,0.80687,0.571659,0.682711,0.711775,0.746159,0.827139,0.812883,0.600658,0.805298,0.873206,0.767752,0.752603,0.695458,0.747096,0.870618,0.819429,0.75565,0.763133,0.778178,0.70569,0.816382,0.758525,0.694599,0.890864,0.876038,0.850961,0.856631,0.756385,0.615801,0.750781,0.756545,0.807542,1,0.765136,0.751353,0.831096,0.827005,0.881957,0.766791,0.725059,0.763246,0.740871,0.770754,0.702151,0.7908,0.696323,0.753883,0.883283,0.791121,0.719039,0.703432,0.7148038,0.771645,0.651565,0.675009,0.783761
0.787081,0.650294,0.836914,0.855624,0.773792,0.809463,0.752846,0.798387,0.815211,0.814467,0.878876,0.827237,0.767899,0.809651,0.93394,0.765736,0.820729,0.73929,0.849643,0.759737,0.821798,0.828102,0.849898,0.704259,0.805589,0.76745,0.845784,0.810472,0.787027,0.816539,0.851051,0.719845,0.843174,0.791921,0.813154,0.652988,0.766644,0.8439,0.851565,0.741654,0.736565,0.807363,0.798455,0.746743,0.79997,0.6032892,0.834336,0.75976,0.751932,0.640359,0.772478,0.707048,0.786609,0.784412,0.829366,0.807343,0.750034,0.77157,0.876874,0.840337,0.67839,0.790271,0.73704,0.793626,0.833954,0.973361,0.758767,0.796032,0.706397,0.692049,0.822673,0.820829,0.853153,0.786774,0.790798,0.83291,0.765136,1,0.820256,0.828554,0.715385,0.730999,0.814194,0.817468,0.762868,0.7769106,0.782556,0.812444,0.676353,0.776504,0.779389,0.850353,0.859934,0.81564,0.716665,0.804593,0.735289,0.820904,0.837852,0.655955
0.79121,0.5920631,0.821646,0.8401,0.708785,0.863829,0.82779,0.808533,0.823622,0.7455319,0.732738,0.889931,0.676407,0.707176,0.801326,0.79974,0.852801,0.687923,0.704036,0.66358,0.787098,0.820197,0.701552,0.753078,0.694971,0.814699,0.625533,0.861888,0.726989,0.70144,0.982914,0.761266,0.82443,0.781795,0.844815,0.663114,0.752337,0.830383,0.780687,0.817423,0.781249,0.898721,0.936042,0.821493,0.930664,0.567979,0.638984,0.568536,0.800807,0.780302,0.7419258,0.780297,0.78903,0.740156,0.842472,0.817271,0.762957,0.778049,0.833355,0.734969,0.575597,0.742596,0.764409,0.864206,0.8266,0.800128,0.763713,0.845233,0.774159,0.741128,0.770968,0.758934,0.752031,0.684246,0.696818,0.772098,0.751353,0.820256,1,0.767286,0.768642,0.797962,0.963656,0.887583,0.605437,0.646843,0.77198,0.6458874,0.71367,0.73585,0.814571,0.855522,0.819961,0.824715,0.791642,0.882704,0.654156,0.6848125,0.901331,0.803996
0.757716,0.631531,0.734831,0.83935,0.754255,0.771576,0.726781,0.769185,0.721895,0.808599,0.86433,0.847782,0.826921,0.745539,0.858965,0.715457,0.807219,0.735698,0.80199,0.751206,0.7954034,0.757505,0.833497,0.738885,0.777084,0.788402,0.696736,0.703279,0.826857,0.751078,0.772001,0.7215352,0.770243,0.810335,0.757026,0.705764,0.798062,0.801565,0.795484,0.782818,0.742325,0.768087,0.738265,0.778732,0.753538,0.6318446,0.716706,0.784196,0.682769,0.7187506,0.808633,0.747432,0.882382,0.839062,0.739131,0.74226,0.74463,0.7153245,0.7946637,0.752867,0.778066,0.785522,0.728991,0.687503,0.747212,0.869901,0.734579,0.819282,0.818622,0.775547,0.77282,0.7707559,0.732388,0.733271,0.801519,0.746083,0.831096,0.828554,0.767286,1,0.7794377,0.916242,0.773854,0.724532,0.784791,0.812594,0.80708,0.785825,0.740402,0.801839,0.782452,0.7990295,0.793493,0.751003,0.730536,0.746719,0.802717,0.732528,0.7174231,0.751227
0.776967,0.608364,0.66102,0.825102,0.722101,0.806516,0.692565,0.782091,0.748144,0.795512,0.751643,0.859698,0.5716037,0.806865,0.771441,0.729761,0.76377,0.830796,0.670008,0.854625,0.847516,0.805812,0.763841,0.848066,0.768162,0.784445,0.672292,0.696086,0.897798,0.709277,0.77437,0.757607,0.759612,0.848686,0.67663,0.722874,0.846574,0.805962,0.735079,0.805381,0.74561,0.804996,0.814035,0.825002,0.699043,0.722798,0.59059,0.72754,0.793974,0.794924,0.791647,0.700395,0.800587,0.877219,0.717314,0.717963,0.733251,0.751668,0.835589,0.779312,0.68374,0.771725,0.791118,0.678695,0.8059,0.73558,0.690566,0.818541,0.842768,0.880319,0.747811,0.787081,0.71955,0.655968,0.778444,0.773554,0.827005,0.715385,0.768642,0.7794377,1,0.863231,0.756889,0.778936,0.671249,0.674496,0.790053,0.721909,0.847993,0.761415,0.732793,0.83988,0.763814,0.755255,0.734424,0.75196,0.694549,0.684824,0.67828,0.7889551
0.790951,0.591755,0.757902,0.831182,0.760681,0.826146,0.739469,0.813881,0.80105,0.789094,0.790157,0.860694,0.741227,0.815958,0.832747,0.76057,0.835546,0.801373,0.799735,0.813036,0.872111,0.760476,0.800034,0.791206,0.716897,0.784994,0.631062,0.731172,0.851757,0.715584,0.787051,0.770105,0.782303,0.886169,0.768623,0.829542,0.859318,0.795374,0.751844,0.810202,0.793279,0.787973,0.805214,0.885378,0.802555,0.64386,0.622608,0.739307,0.741891,0.874034,0.859613,0.736363,0.838049,0.886938,0.750753,0.702685,0.797607,0.805574,0.835525,0.74489,0.730423,0.762395,0.742633,0.675342,0.799587,0.767427,0.777506,0.792987,0.88242,0.878829,0.806124,0.776183,0.689961,0.730523,0.772713,0.781168,0.881957,0.730999,0.797962,0.916242,0.863231,1,0.790967,0.802883,0.765899,0.803141,0.821543,0.718645,0.846937,0.761554,0.768554,0.86078,0.807525,0.738052,0.767794,0.827889,0.779262,0.719518,0.750472,0.874187
0.801293,0.6024,0.871335,0.835588,0.747838,0.926757,0.820354,0.851931,0.852172,0.76583,0.768499,0.868925,0.716439,0.71189,0.816797,0.787286,0.910039,0.720229,0.766661,0.693349,0.781583,0.900125,0.73386,0.788868,0.749781,0.822354,0.6346,0.901598,0.752511,0.730348,0.963314,0.761407,0.830307,0.807421,0.889969,0.68776,0.804652,0.825167,0.848589,0.836792,0.816292,0.919253,0.949797,0.835347,0.963929,0.5914727,0.660859,0.620878,0.839942,0.774757,0.767832,0.784133,0.824564,0.764338,0.899786,0.872072,0.778519,0.820347,0.837346,0.748762,0.623849,0.784724,0.800148,0.859418,0.878311,0.808877,0.784499,0.87806,0.793554,0.763756,0.800461,0.811572,0.740639,0.750385,0.718238,0.784163,0.766791,0.814194,0.963656,0.773854,0.756889,0.790967,1,0.9184,0.652765,0.679413,0.746791,0.688929,0.726695,0.6560166,0.854403,0.845999,0.830982,0.889175,0.797486,0.883836,0.70422,0.704266,0.929832,0.76755
0.905411,0.572296,0.819771,0.850914,0.754306,0.933666,0.804117,0.927163,0.956004,0.76619,0.77638,0.853158,0.605094,0.74734,0.794292,0.804185,0.816712,0.765485,0.6950091,0.728739,0.799587,0.902344,0.793322,0.7610391,0.72997,0.875696,0.655334,0.84226,0.759406,0.765056,0.890187,0.825457,0.843066,0.832716,0.828315,0.814558,0.776735,0.833352,0.838832,0.840464,0.904364,0.893177,0.900981,0.917341,0.852612,0.639622,0.6366966,0.625875,0.897168,0.831057,0.827556,0.764436,0.790402,0.782874,0.914813,0.841615,0.834859,0.936818,0.859527,0.737149,0.597963,0.7131861,0.791308,0.843781,0.878271,0.818957,0.85758,0.77934,0.750724,0.771804,0.748874,0.827096,0.769327,0.781684,0.69899,0.81649,0.725059,0.817468,0.887583,0.724532,0.778936,0.802883,0.9184,1,0.615841,0.708997,0.733249,0.69567,0.842444,0.669335,0.823189,0.83087,0.831113,0.934139,0.902486,0.908055,0.648622,0.7193062,0.906553,0.826433
0.6345352,0.739716,0.682318,0.685643,0.701615,0.6617911,0.713851,0.625747,0.622996,0.742052,0.841737,0.615289,0.756321,0.650116,0.753445,0.694612,0.786682,0.645196,0.819644,0.6845211,0.66081,0.685773,0.791773,0.705827,0.7213893,0.620932,0.794407,0.656488,0.711581,0.837673,0.625116,0.658586,0.688107,0.692926,0.706784,0.66789,0.819567,0.684669,0.676328,0.743843,0.63951,0.660553,0.656999,0.628898,0.708092,0.790696,0.6993224,0.930068,0.5146337,0.663255,0.744984,0.6327909,0.745617,0.72721,0.6388976,0.661465,0.647797,0.6070068,0.656794,0.719721,0.864428,0.802659,0.721155,0.579887,0.711727,0.779014,0.635086,0.799331,0.802733,0.650476,0.760783,0.741291,0.762794,0.636401,0.878726,0.642458,0.763246,0.762868,0.605437,0.784791,0.671249,0.765899,0.652765,0.615841,1,0.937301,0.810047,0.873427,0.628573,0.7331135,0.769162,0.646589,0.716341,0.682179,0.629111,0.6218785,0.967798,0.890763,0.649159,0.655126
0.716506,0.748949,0.684854,0.708188,0.719773,0.6629259,0.721537,0.686796,0.726832,0.746595,0.906287,0.638714,0.72783,0.661766,0.766914,0.667599,0.803242,0.661682,0.795843,0.661534,0.662116,0.691912,0.809629,0.664395,0.760603,0.691559,0.747959,0.665996,0.68908,0.910647,0.643678,0.696307,0.701534,0.675531,0.6945304,0.7149092,0.758642,0.741496,0.732572,0.704344,0.719034,0.642105,0.657529,0.663127,0.713218,0.74476,0.7076203,0.905343,0.581878,0.703765,0.723803,0.696708,0.743458,0.702202,0.686955,0.652704,0.723511,0.7012,0.657664,0.724132,0.810001,0.783801,0.647205,0.620937,0.706981,0.786238,0.705749,0.734395,0.730341,0.669272,0.777832,0.716861,0.823344,0.684327,0.854163,0.645995,0.740871,0.7769106,0.646843,0.812594,0.674496,0.803141,0.679413,0.708997,0.937301,1,0.83407,0.873586,0.667833,0.765465,0.790206,0.65299,0.732211,0.703607,0.679574,0.722386,0.912739,0.931963,0.716216,0.6983505
0.775112,0.691821,0.721329,0.800923,0.7789,0.778236,0.721643,0.796616,0.7237804,0.81689,0.811686,0.767246,0.670348,0.663238,0.721558,0.723339,0.796051,0.687582,0.694716,0.639329,0.723,0.712896,0.725221,0.724804,0.857172,0.750719,0.675601,0.713424,0.714999,0.780403,0.803158,0.73328,0.6757793,0.670452,0.766768,0.661745,0.869725,0.797778,0.754073,0.749001,0.759971,0.811589,0.813708,0.740457,0.737439,0.691457,0.6060915,0.766354,0.649784,0.7142816,0.751518,0.793753,0.822188,0.779851,0.767158,0.6657212,0.822423,0.75684,0.726995,0.643642,0.709124,0.820133,0.684461,0.725123,0.754769,0.760525,0.758956,0.874402,0.820796,0.769333,0.766757,0.757893,0.789582,0.72229,0.85007,0.666198,0.770754,0.782556,0.77198,0.80708,0.790053,0.821543,0.746791,0.733249,0.810047,0.83407,1,0.878344,0.728814,0.828747,0.734034,0.7475685,0.760668,0.743938,0.722753,0.82228,0.83784,0.848619,0.782622,0.735334
0.7218708,0.79429,0.677552,0.784101,0.758261,0.754303,0.688809,0.716209,0.712357,0.770048,0.879642,0.709275,0.720626,0.689795,0.76598,0.735638,0.793678,0.685866,0.72282,0.660978,0.724428,0.772343,0.779833,0.76177,0.88398,0.716465,0.794275,0.683935,0.727688,0.827388,0.6631608,0.71695,0.705052,0.683807,0.684056,0.554711,0.848758,0.795302,0.765342,0.704135,0.719579,0.698079,0.672981,0.627192,0.643797,0.785256,0.658422,0.88539,0.662348,0.638297,0.715728,0.699268,0.791085,0.757186,0.714962,0.714982,0.708788,0.6865033,0.736989,0.638805,0.767703,0.853243,0.727048,0.651656,0.782129,0.809473,0.716427,0.801816,0.717083,0.723463,0.730173,0.78307,0.769774,0.712341,0.889351,0.697385,0.702151,0.812444,0.6458874,0.785825,0.721909,0.718645,0.688929,0.69567,0.873427,0.873586,0.878344,1,0.66886,0.733442,0.837873,0.726831,0.760052,0.73867,0.720892,0.680511,0.858981,0.860837,0.707736,0.626101
0.878084,0.65016,0.767292,0.824937,0.843241,0.849107,0.778584,0.892163,0.909643,0.723274,0.750615,0.807105,0.690276,0.777304,0.775722,0.787274,0.703831,0.949558,0.717774,0.88192,0.828539,0.804202,0.786979,0.821156,0.705734,0.864637,0.682938,0.682761,0.913923,0.60991,0.720961,0.864046,0.811048,0.902964,0.675029,0.88399,0.820504,0.824726,0.7313,0.738299,0.898819,0.730436,0.752257,0.936383,0.699159,0.627574,0.570333,0.742524,0.870781,0.830351,0.844144,0.698742,0.754327,0.891074,0.818659,0.798544,0.83474,0.924479,0.817184,0.743654,0.674924,0.773199,0.826748,0.731997,0.8371,0.721787,0.804319,0.734347,0.74041,0.892343,0.673417,0.758032,0.630463,0.738864,0.775567,0.858399,0.7908,0.676353,0.71367,0.740402,0.847993,0.846937,0.726695,0.842444,0.628573,0.667833,0.728814,0.66886,1,0.67529,0.68422,0.783121,0.800141,0.789565,0.86088,0.795578,0.64767,0.6114414,0.749145,0.762291
0.6833036,0.684797,0.694711,0.746166,0.612475,0.63612648,0.714137,0.700894,0.682208,0.74928,0.749024,0.75298,0.655857,0.733653,0.77665,0.737284,0.6065242,0.590635,0.683988,0.61899,0.756298,0.6542798,0.854699,0.594756,0.730339,0.715247,0.797174,0.657856,0.707787,0.787443,0.742292,0.742422,0.777802,0.700557,0.71224,0.5598059,0.742308,0.721746,0.6257597,0.758641,0.654396,0.734918,0.731105,0.726173,0.7027639,0.767998,0.694252,0.810665,0.627928,0.642102,0.760074,0.863123,0.762012,0.728054,0.628026,0.685805,0.824308,0.652038,0.763477,0.683797,0.789447,0.766378,0.709635,0.755137,0.66305,0.809549,0.856018,0.773017,0.751791,0.699009,0.657169,0.7136229,0.783431,0.83326,0.787871,0.741837,0.696323,0.776504,0.73585,0.801839,0.761415,0.761554,0.6560166,0.669335,0.7331135,0.765465,0.828747,0.733442,0.67529,1,0.63417,0.775094,0.812013,0.689976,0.646717,0.798432,0.777012,0.805525,0.728707,0.709017
0.807062,0.796146,0.753401,0.808637,0.7543284,0.866878,0.723671,0.811137,0.795944,0.782526,0.794917,0.841324,0.699365,0.704969,0.770834,0.743178,0.848062,0.734011,0.720442,0.68323,0.785224,0.859512,0.774906,0.834332,0.771573,0.802174,0.68854,0.7435,0.74873,0.784164,0.816311,0.796591,0.77409,0.781351,0.763799,0.5927644,0.855568,0.790031,0.83733,0.848007,0.745158,0.81072,0.80194,0.754325,0.793674,0.771921,0.682072,0.744864,0.762771,0.720495,0.830165,0.651249,0.807073,0.779476,0.799069,0.778292,0.6985731,0.780772,0.82262,0.697844,0.713505,0.802067,0.743833,0.769231,0.843932,0.794223,0.6770229,0.807913,0.740925,0.757613,0.719098,0.807254,0.78176,0.669707,0.792071,0.781425,0.753883,0.779389,0.814571,0.782452,0.732793,0.768554,0.854403,0.823189,0.769162,0.790206,0.734034,0.837873,0.68422,0.63417,1,0.81773,0.759032,0.832262,0.7838944,0.762287,0.797207,0.80425,0.766201,0.710485
0.7913383,0.679544,0.779836,0.927561,0.807816,0.880804,0.802539,0.817781,0.845287,0.8305482,0.76762,0.951293,0.754201,0.902504,0.882117,0.829102,0.827515,0.809109,0.784986,0.839281,0.961704,0.859623,0.816038,0.7847936,0.820992,0.83207,0.704247,0.737164,0.881219,0.66824,0.869888,0.784505,0.884787,0.931204,0.768397,0.693201,0.843821,0.867401,0.835248,0.841607,0.800489,0.839645,0.83762,0.83946,0.808415,0.671719,0.726857,0.672597,0.796002,0.768191,0.78123,0.717049,0.892785,0.891728,0.804903,0.797684,0.792788,0.814988,0.978886,0.769025,0.69025,0.789797,0.839631,0.84136,0.887144,0.851276,0.804306,0.846127,0.823747,0.871498,0.798939,0.7805581,0.721524,0.818749,0.7228808,0.912718,0.883283,0.850353,0.855522,0.7990295,0.83988,0.86078,0.845999,0.83087,0.646589,0.65299,0.7475685,0.726831,0.783121,0.775094,0.81773,1,0.829948,0.814475,0.80901,0.84641,0.697078,0.664822,0.776284,0.786272
0.745972,0.6876461,0.921529,0.748027,0.6667432,0.838554,0.713885,0.798164,0.829716,0.710776,0.796996,0.84539,0.676615,0.780411,0.890955,0.685017,0.807853,0.730085,0.712915,0.733639,0.827644,0.847597,0.853002,0.770054,0.727768,0.742697,0.782209,0.837038,0.837871,0.70271,0.856586,0.74062,0.791827,0.837666,0.854652,0.734566,0.792371,0.772687,0.737612,0.722226,0.744103,0.859131,0.85008,0.868696,0.849231,0.636598,0.704544,0.757976,0.817668,0.720053,0.822896,0.773542,0.6991,0.725575,0.870552,0.897509,0.732004,0.787162,0.849111,0.771897,0.760032,0.753658,0.861731,0.861909,0.845568,0.855591,0.822827,0.833852,0.797262,0.708919,0.814625,0.760881,0.766877,0.817097,0.792972,0.839933,0.791121,0.859934,0.819961,0.793493,0.763814,0.807525,0.830982,0.831113,0.716341,0.732211,0.760668,0.760052,0.800141,0.812013,0.759032,0.829948,1,0.763503,0.734477,0.780153,0.735446,0.753189,0.884415,0.715031
0.920067,0.5694348,0.770187,0.849685,0.799173,0.947031,0.822528,0.926613,0.924492,0.792706,0.7688652,0.840084,0.71308,0.721168,0.781318,0.827573,0.802786,0.7334098,0.7063697,0.708863,0.785404,0.899536,0.822638,0.7478459,0.753018,0.916022,0.721955,0.826671,0.74484,0.792762,0.849172,0.800785,0.878746,0.794605,0.767993,0.7417915,0.82097,0.830681,0.849315,0.880478,0.898139,0.871543,0.854015,0.835553,0.788397,0.7264634,0.747759,0.677837,0.866158,0.6975306,0.830835,0.697052,0.792368,0.764644,0.916545,0.863052,0.776742,0.922623,0.858325,0.714973,0.708792,0.82276,0.813647,0.832527,0.868658,0.840753,0.7665519,0.837275,0.792634,0.722244,0.740694,0.900868,0.800915,0.734178,0.737338,0.811358,0.719039,0.81564,0.824715,0.751003,0.755255,0.738052,0.889175,0.934139,0.682179,0.703607,0.743938,0.73867,0.789565,0.689976,0.832262,0.814475,0.763503,1,0.877074,0.7952959,0.699209,0.721504,0.833573,0.727558
0.895631,0.700749,0.686441,0.876948,0.870519,0.839226,0.877843,0.886522,0.903673,0.720362,0.744567,0.777738,0.68143,0.688659,0.726088,0.863359,0.729506,0.865492,0.694814,0.74392,0.765599,0.78127,0.760957,0.6854333,0.711585,0.923185,0.667993,0.718157,0.753166,0.688291,0.767868,0.778479,0.852455,0.846452,0.698077,0.807381,0.774404,0.848614,0.762628,0.719633,0.970713,0.784767,0.75887,0.848096,0.732615,0.716929,0.6109871,0.678555,0.810641,0.827724,0.859649,0.723014,0.839468,0.813843,0.834579,0.759486,0.821403,0.906455,0.808463,0.657769,0.674584,0.749991,0.765887,0.765909,0.767468,0.771439,0.801957,0.732625,0.711215,0.799694,0.631238,0.804631,0.73702,0.732711,0.725508,0.813016,0.703432,0.716665,0.791642,0.730536,0.734424,0.767794,0.797486,0.902486,0.629111,0.679574,0.722753,0.720892,0.86088,0.646717,0.7838944,0.80901,0.734477,0.877074,1,0.811126,0.6835,0.696063,0.784536,0.815541
0.806647,0.620607,0.810247,0.84746,0.752622,0.854608,0.789501,0.893136,0.867382,0.787604,0.750152,0.821861,0.604765,0.761148,0.768481,0.794944,0.770535,0.732941,0.7289812,0.72212,0.789504,0.834797,0.800283,0.705769,0.772129,0.782694,0.659266,0.781929,0.7181131,0.748535,0.876533,0.789031,0.796786,0.818363,0.845794,0.729833,0.796783,0.798304,0.799324,0.804365,0.798956,0.863081,0.877675,0.906099,0.87147,0.63667,0.658666,0.676798,0.810291,0.802528,0.840972,0.851906,0.79703,0.802815,0.831014,0.770631,0.934646,0.845474,0.841518,0.740454,0.63214,0.712767,0.707905,0.827223,0.81788,0.809055,0.907231,0.753916,0.721917,0.7606838,0.689658,0.800126,0.780629,0.818896,0.718336,0.812537,0.7148038,0.804593,0.882704,0.746719,0.75196,0.827889,0.883836,0.908055,0.6218785,0.722386,0.82228,0.680511,0.795578,0.798432,0.762287,0.84641,0.780153,0.7952959,0.811126,1,0.6639074,0.775007,0.882777,0.823344
0.6708725,0.791247,0.690512,0.717163,0.738903,0.694676,0.733594,0.675279,0.6426264,0.763143,0.802492,0.657647,0.74169,0.650366,0.752789,0.698826,0.814593,0.666738,0.766557,0.670516,0.671268,0.720473,0.7744788,0.709544,0.785353,0.662467,0.757146,0.645387,0.721473,0.827889,0.673508,0.682631,0.690041,0.714747,0.726821,0.674423,0.825233,0.702543,0.725187,0.766109,0.67512,0.69221,0.670688,0.652369,0.744665,0.840844,0.6631543,0.925343,0.560208,0.674936,0.786604,0.72355,0.804556,0.736572,0.665093,0.700584,0.687528,0.648276,0.696242,0.712478,0.88231,0.776524,0.750127,0.631727,0.724672,0.761165,0.6679072,0.819053,0.827039,0.657382,0.74968,0.695674,0.782783,0.677756,0.84107,0.645806,0.771645,0.735289,0.654156,0.802717,0.694549,0.779262,0.70422,0.648622,0.967798,0.912739,0.83784,0.858981,0.64767,0.777012,0.797207,0.697078,0.735446,0.699209,0.6835,0.6639074,1,0.892643,0.684058,0.688324
0.692401,0.762099,0.6766072,0.678306,0.69959,0.685584,0.70552,0.6993774,0.6996996,0.7067246,0.844249,0.690237,0.6162095,0.643848,0.7124785,0.657242,0.753197,0.606509,0.694814,0.558325,0.649361,0.688329,0.827462,0.658095,0.734158,0.678446,0.844541,0.726097,0.62845,0.938711,0.699219,0.719276,0.712202,0.620721,0.716986,0.60746,0.738055,0.71669,0.785693,0.746019,0.692236,0.72278,0.7030011,0.6320452,0.714071,0.830511,0.777592,0.878089,0.5940197,0.654877,0.750827,0.762002,0.715884,0.668089,0.70441,0.6426493,0.772346,0.6733465,0.6851724,0.7584,0.7545,0.723376,0.649391,0.717788,0.716948,0.800682,0.743215,0.701038,0.65968,0.61365,0.713215,0.700323,0.953695,0.707791,0.783197,0.678284,0.651565,0.820904,0.6848125,0.732528,0.684824,0.719518,0.704266,0.7193062,0.890763,0.931963,0.848619,0.860837,0.6114414,0.805525,0.80425,0.664822,0.753189,0.721504,0.696063,0.775007,0.892643,1,0.758175,0.657035
0.789219,0.609673,0.921294,0.797886,0.729047,0.88903,0.825523,0.846301,0.879609,0.737384,0.768478,0.812723,0.684993,0.7186625,0.826481,0.782566,0.860806,0.694837,0.753894,0.667856,0.7387713,0.882251,0.733383,0.727513,0.795684,0.772925,0.711376,0.895994,0.725976,0.693216,0.917369,0.747675,0.821289,0.7805808,0.90246,0.691751,0.737726,0.784989,0.849605,0.757969,0.815839,0.894152,0.923111,0.827436,0.916064,0.5344005,0.691036,0.669585,0.882376,0.748469,0.758265,0.852795,0.761965,0.722945,0.927633,0.904049,0.85188,0.834738,0.795881,0.698937,0.618871,0.714279,0.79093,0.90559,0.882335,0.837097,0.850701,0.788453,0.712073,0.738174,0.767579,0.743267,0.789717,0.817282,0.709516,0.782033,0.675009,0.837852,0.901331,0.7174231,0.67828,0.750472,0.929832,0.906553,0.649159,0.716216,0.782622,0.707736,0.749145,0.728707,0.766201,0.776284,0.884415,0.833573,0.784536,0.882777,0.684058,0.758175,1,0.729564
0.739302,0.610101,0.676271,0.76206,0.682573,0.745649,0.768417,0.743475,0.776197,0.73601,0.66918,0.756305,0.623421,0.699788,0.65487,0.709614,0.742577,0.7218195,0.7060531,0.735881,0.707002,0.681151,0.722089,0.761714,0.629535,0.7608573,0.531515,0.61343,0.706353,0.698919,0.780681,0.670144,0.750371,0.783804,0.6343387,0.869098,0.76479,0.756378,0.701259,0.695456,0.779741,0.735386,0.779267,0.825496,0.740675,0.66666,0.615105,0.620112,0.750656,0.965914,0.865311,0.735062,0.756668,0.736022,0.676988,0.678447,0.735199,0.743254,0.745823,0.782626,0.728652,0.691859,0.660401,0.734977,0.689017,0.67508,0.803479,0.737245,0.804612,0.758411,0.640367,0.754091,0.720028,0.677523,0.731733,0.714586,0.783761,0.655955,0.803996,0.751227,0.7889551,0.874187,0.76755,0.826433,0.655126,0.6983505,0.735334,0.626101,0.762291,0.709017,0.710485,0.786272,0.715031,0.727558,0.815541,0.823344,0.688324,0.657035,0.729564,1
