Var0,Var1,Var2,Var3,Var4,Var5,Var6,Var7,Var8,Var9,Var10,Var11,Var12,Var13,Var14,Var15,Var16,Var17,Var18,Var19,Var20,Var21,Var22,Var23,Var24,Var25,Var26,Var27,Var28,Var29,Var30,Var31,Var32,Var33,Var34,Var35,Var36,Var37,Var38,Var39,Var40,Var41,Var42,Var43,Var44,Var45,Var46,Var47,Var48,Var49,Var50,Var51,Var52,Var53,Var54,Var55,Var56,Var57,Var58,Var59,Var60,Var61,Var62,Var63,Var64,Var65,Var66,Var67,Var68,Var69,Var70,Var71,Var72,Var73,Var74,Var75,Var76,Var77,Var78,Var79,Var80,Var81,Var82,Var83,Var84,Var85,Var86,Var87,Var88,Var89,Var90,Var91,Var92,Var93,Var94,Var95,Var96,Var97,Var98,Var99
0.0,0.0,13.34525204263203,0.0,0.0,14.284786917165512,14.45059500780846,14.20760460243574,0.0,13.371654044990668,0.0,0.0,0.0,0.0,0.0,0.0,0.0,0.0,0.0,0.0,0.0,0.0,0.0,0.0,14.100182732614078,0.0,0.0,0.0,0.0,0.0,0.0,10.23674745019328,0.0,0.0,0.0,0.0,0.0,0.0,0.0,0.0,0.0,0.0,0.0,0.0,0.0,0.0,0.0,0.0,0.0,0.0,11.381166889831452,14.38160867609885,0.0,0.0,0.0,0.0,0.0,0.0,0.0,0.0,0.0,0.0,0.0,0.0,0.0,0.0,0.0,0.0,0.0,0.0,0.0,0.0,0.0,14.547317882451924,14.214929217259922,14.576833151377285,0.0,0.0,0.0,12.284391154568596,13.897015796158849,0.0,0.0,14.386866458422569,0.0,12.859529498277237,0.0,13.370637899981388,0.0,14.567632050649165,0.0,14.635436195500002,0.0,0.0,14.114775272886122,0.0,0.0,0.0,0.0,0.0
0.0,0.0,12.799914344572771,0.0,10.504867343419688,0.0,12.750888755477009,12.387666473762458,11.329655700048804,0.0,0.0,0.0,0.0,0.0,0.0,9.826450444677407,0.0,11.42223549159219,0.0,13.127370941963765,0.0,12.989629118974287,12.502225686069387,0.0,0.0,0.0,12.58114269610954,0.0,0.0,0.0,0.0,0.0,0.0,0.0,0.0,0.0,0.0,0.0,0.0,0.0,0.0,0.0,0.0,0.0,0.0,0.0,11.770374415754937,0.0,0.0,0.0,0.0,9.63932515727295,8.470436640253688,10.360249994200831,12.888423484195163,0.0,9.334189898313356,11.090075233652565,0.0,0.0,0.0,0.0,0.0,0.0,0.0,0.0,0.0,0.0,0.0,10.548805683549483,0.0,0.0,12.347101652029483,0.0,0.0,0.0,0.0,0.0,0.0,0.0,0.0,0.0,0.0,0.0,0.0,0.0,0.0,0.0,0.0,0.0,0.0,0.0,0.0,0.0,0.0,0.0,0.0,0.0,0.0,0.0
0.0,0.0,0.0,0.0,0.0,9.393622536846612,0.0,0.0,9.308621551881602,0.0,0.0,11.876441107876817,0.0,0.0,0.0,0.0,0.0,0.0,0.0,0.0,0.0,0.0,0.0,12.47457932848351,12.262479424334291,11.690709895278877,0.0,12.124646185807572,0.0,0.0,0.0,0.0,0.0,0.0,0.0,0.0,0.0,0.0,0.0,0.0,0.0,0.0,0.0,0.0,0.0,0.0,0.0,0.0,0.0,0.0,0.0,8.529710402216379,0.0,0.0,9.1923790428105,6.701197456370201,0.0,10.501438107601922,12.18543687169112,0.0,0.0,0.0,0.0,0.0,0.0,0.0,0.0,0.0,0.0,12.395707407828075,0.0,0.0,0.0,10.92701834943042,0.0,0.0,0.0,12.528749659569892,0.0,0.0,12.22783330615198,0.0,0.0,0.0,0.0,11.712719041120751,0.0,0.0,12.429925777307202,11.629079477809771,0.0,0.0,12.514399140161176,0.0,0.0,0.0,0.0,0.0,0.0,0.0
0.0,0.0,0.0,0.0,0.0,0.0,10.582680529748965,7.035903500023781,0.0,0.0,0.0,0.0,0.0,12.05194801856846,10.792601398055092,13.365103157769958,0.0,0.0,0.0,0.0,10.913960722023193,0.0,13.179892001314672,0.0,0.0,0.0,0.0,0.0,0.0,10.66497793504306,0.0,0.0,0.0,0.0,0.0,0.0,0.0,12.85226496202731,0.0,0.0,0.0,0.0,0.0,0.0,0.0,0.0,0.0,0.0,0.0,0.0,0.0,0.0,0.0,11.067843730655582,0.0,0.0,11.223619226565935,11.86127654786554,0.0,0.0,0.0,0.0,0.0,10.49317675064985,11.669553493880713,10.455813473357502,0.0,0.0,13.535650424650198,12.926074728920616,12.740452101215489,0.0,13.305028155705465,0.0,0.0,0.0,0.0,13.072604395096231,0.0,0.0,0.0,0.0,0.0,0.0,0.0,0.0,0.0,0.0,0.0,0.0,0.0,0.0,0.0,0.0,0.0,0.0,0.0,0.0,0.0,0.0
0.0,10.504867343419688,0.0,0.0,0.0,0.0,0.0,12.9836881133505,10.620624299156509,0.0,0.0,0.0,0.0,0.0,0.0,0.0,0.0,12.913187388583312,0.0,0.0,0.0,0.0,0.0,0.0,0.0,13.17054216811552,12.323714223807649,0.0,0.0,0.0,0.0,0.0,0.0,0.0,12.057037409381543,0.0,0.0,0.0,0.0,0.0,0.0,0.0,13.250087908172388,0.0,12.71922645463729,0.0,0.0,0.0,0.0,0.0,13.20074224468538,12.069266124838215,8.845317928048846,7.205900137266301,11.559868293352205,0.0,10.860942870502209,10.659967462727067,0.0,0.0,0.0,0.0,0.0,0.0,0.0,0.0,0.0,0.0,12.927294210140673,0.0,0.0,13.084832335683377,0.0,0.0,0.0,0.0,0.0,0.0,0.0,0.0,0.0,0.0,0.0,0.0,0.0,0.0,0.0,0.0,0.0,0.0,10.090019523588037,12.189988713013635,0.0,0.0,0.0,0.0,0.0,0.0,0.0,0.0
0.0,0.0,9.393622536846612,0.0,0.0,0.0,0.0,0.0,0.0,0.0,0.0,11.08326420074984,0.0,0.0,0.0,0.0,0.0,0.0,0.0,0.0,0.0,0.0,0.0,11.272123912882108,10.220461468418884,10.963364988070602,0.0,10.237811623253446,0.0,0.0,0.0,0.0,0.0,11.721586579560784,11.347515938662818,9.580295797840895,11.482486367007404,0.0,0.0,0.0,0.0,11.726024015252635,0.0,0.0,0.0,0.0,0.0,0.0,10.74890945252511,0.0,0.0,0.0,0.0,0.0,6.226902846528925,9.049527279121724,0.0,0.0,0.0,0.0,0.0,0.0,0.0,0.0,0.0,0.0,0.0,0.0,0.0,0.0,0.0,11.672270752007815,0.0,0.0,0.0,11.33745301959475,0.0,0.0,0.0,0.0,0.0,0.0,0.0,0.0,0.0,11.108840103023336,0.0,0.0,11.306434198908006,0.0,0.0,0.0,0.0,10.600681054669248,10.674231207012731,0.0,0.0,0.0,0.0,0.0
0.0,12.750888755477009,0.0,10.582680529748965,0.0,0.0,0.0,9.554650934083469,0.0,0.0,0.0,0.0,0.0,13.097084657927478,12.38844481222455,7.969232292913968,0.0,12.179911660162098,0.0,11.42972461825791,8.364091258533932,12.510258045647342,9.712841472718765,0.0,0.0,0.0,0.0,0.0,11.608671715351123,11.873087963283153,0.0,0.0,13.017800314594416,0.0,0.0,0.0,0.0,13.16290233926332,0.0,10.406481323262762,0.0,0.0,0.0,0.0,0.0,0.0,0.0,0.0,0.0,0.0,0.0,0.0,0.0,0.0,0.0,0.0,12.15081979895134,0.0,0.0,0.0,0.0,0.0,0.0,0.0,0.0,0.0,0.0,0.0,0.0,12.005882777248145,11.959331745803093,0.0,0.0,12.2175395007519,0.0,0.0,0.0,0.0,0.0,0.0,0.0,0.0,0.0,0.0,0.0,0.0,0.0,0.0,0.0,0.0,0.0,0.0,0.0,0.0,0.0,0.0,0.0,0.0,0.0,0.0
0.0,12.387666473762458,12.934692849237177,7.035903500023781,12.9836881133505,0.0,9.554650934083469,0.0,11.697893936510525,0.0,0.0,0.0,0.0,0.0,12.202524505623549,12.155182621903556,0.0,0.0,0.0,0.0,11.9497823819619,0.0,11.988245905375024,0.0,0.0,0.0,0.0,0.0,0.0,10.898247962250588,0.0,0.0,0.0,0.0,0.0,0.0,0.0,0.0,0.0,0.0,0.0,0.0,0.0,0.0,0.0,0.0,0.0,0.0,0.0,0.0,0.0,11.2319067551134,0.0,11.1058171033593,0.0,0.0,8.808563799616966,9.533308967023611,0.0,0.0,0.0,0.0,0.0,12.203686474531288,0.0,13.007996373736589,0.0,0.0,0.0,11.74064970840177,0.0,0.0,12.515457612048388,0.0,0.0,0.0,0.0,11.488556913137144,0.0,0.0,0.0,0.0,0.0,0.0,0.0,0.0,0.0,0.0,0.0,0.0,0.0,0.0,0.0,0.0,0.0,0.0,0.0,0.0,0.0,0.0
0.0,11.329655700048804,9.308621551881602,0.0,10.620624299156509,11.858397301557735,0.0,11.697893936510525,0.0,0.0,0.0,0.0,0.0,0.0,0.0,0.0,0.0,11.291321271769826,0.0,0.0,0.0,0.0,0.0,0.0,12.622770759052557,12.365973137204865,0.0,0.0,0.0,0.0,0.0,0.0,0.0,0.0,12.5902009533486,0.0,0.0,0.0,0.0,0.0,0.0,0.0,0.0,0.0,0.0,0.0,0.0,0.0,0.0,0.0,0.0,9.635265756052352,12.126025504405456,10.904628768617076,11.304484963752516,8.932338798854506,9.963497024463154,6.048722943849312,12.560169913353947,0.0,0.0,0.0,0.0,0.0,0.0,0.0,0.0,0.0,11.23046321169157,10.12748751557225,0.0,0.0,11.644155438813936,0.0,0.0,0.0,0.0,0.0,0.0,0.0,0.0,0.0,0.0,0.0,0.0,0.0,0.0,0.0,0.0,0.0,0.0,0.0,0.0,0.0,0.0,0.0,0.0,0.0,0.0,0.0
13.371654044990668,0.0,12.726776328369278,0.0,0.0,0.0,0.0,0.0,0.0,0.0,12.457684926844482,10.855263923474698,0.0,0.0,0.0,0.0,12.541036853245568,0.0,0.0,0.0,0.0,0.0,12.642241937824794,12.72487575690614,10.064939602137944,0.0,0.0,0.0,0.0,0.0,0.0,13.23587706179314,0.0,0.0,0.0,0.0,0.0,11.329933829416213,0.0,12.23610350750822,0.0,0.0,0.0,0.0,0.0,0.0,0.0,0.0,0.0,0.0,0.0,0.0,0.0,0.0,0.0,0.0,0.0,0.0,10.884835324864689,11.146867004443871,10.356606416578837,0.0,0.0,0.0,0.0,0.0,0.0,0.0,0.0,0.0,0.0,0.0,0.0,9.840071217026312,12.286480501033116,11.248835112192625,0.0,0.0,0.0,0.0,0.0,0.0,0.0,12.93059037551535,13.411614200301267,0.0,0.0,0.0,0.0,12.662319099955434,0.0,0.0,0.0,0.0,0.0,0.0,0.0,0.0,0.0,0.0
0.0,0.0,0.0,0.0,0.0,0.0,0.0,0.0,13.259409032329913,12.457684926844482,0.0,12.675786032180795,0.0,0.0,0.0,0.0,0.0,0.0,0.0,0.0,0.0,0.0,0.0,0.0,12.208142291202956,12.590846503457705,0.0,0.0,0.0,0.0,0.0,0.0,0.0,0.0,0.0,0.0,0.0,0.0,0.0,0.0,0.0,0.0,0.0,0.0,0.0,0.0,0.0,0.0,0.0,0.0,0.0,0.0,0.0,14.08854944126326,0.0,13.451471130683773,0.0,14.183526600476442,8.997308236803185,13.622071048997284,12.822211581126767,0.0,0.0,0.0,14.13467025645857,0.0,0.0,13.624560473775688,0.0,0.0,13.868500505845,0.0,14.149277449754448,14.205969134492465,13.56039795602943,14.059937406697006,0.0,0.0,0.0,0.0,0.0,0.0,0.0,0.0,0.0,0.0,0.0,0.0,0.0,0.0,0.0,13.390203197268807,12.794592701203758,0.0,0.0,0.0,0.0,0.0,0.0,0.0
0.0,0.0,11.876441107876817,0.0,0.0,11.08326420074984,0.0,0.0,0.0,10.855263923474698,0.0,0.0,0.0,0.0,0.0,0.0,9.464538462818696,0.0,0.0,0.0,0.0,0.0,0.0,9.072811691650092,9.750948352068804,9.199470273036704,0.0,10.991783300642728,0.0,0.0,0.0,0.0,0.0,11.42521876669454,12.204010960831951,11.4536165430275,0.0,0.0,0.0,0.0,0.0,12.280557717846923,0.0,0.0,0.0,0.0,0.0,0.0,0.0,0.0,0.0,0.0,0.0,0.0,12.024491283586814,11.658235260798495,0.0,0.0,10.41187792465017,0.0,6.1172002452153,0.0,0.0,0.0,0.0,0.0,0.0,0.0,0.0,0.0,0.0,0.0,0.0,8.638691971884779,8.74788157981211,7.883471755796858,0.0,0.0,0.0,0.0,9.77238445955626,0.0,0.0,0.0,0.0,0.0,0.0,0.0,0.0,0.0,0.0,0.0,0.0,0.0,0.0,0.0,0.0,0.0,0.0,0.0
0.0,0.0,0.0,0.0,0.0,0.0,0.0,0.0,0.0,13.793807878307344,0.0,12.973273882228614,0.0,12.85983670356418,13.69324858433298,0.0,11.945476276472403,0.0,13.37507648294725,0.0,13.317720748961824,13.47597352657332,12.489727039241815,0.0,0.0,0.0,0.0,0.0,0.0,11.86792786452822,0.0,0.0,0.0,0.0,0.0,0.0,0.0,0.0,0.0,12.99666929451497,0.0,0.0,0.0,0.0,0.0,0.0,0.0,0.0,0.0,13.734438051474529,0.0,0.0,0.0,0.0,0.0,0.0,0.0,0.0,0.0,13.564965468294645,11.615432615895612,10.632396556227963,12.778413307948762,0.0,0.0,0.0,0.0,13.03569818105412,0.0,0.0,0.0,0.0,12.192701006169932,13.624671711753928,0.0,0.0,0.0,0.0,0.0,0.0,0.0,0.0,12.278781846500694,0.0,0.0,0.0,0.0,0.0,0.0,0.0,0.0,0.0,0.0,0.0,0.0,0.0,0.0,0.0,0.0,0.0
0.0,0.0,0.0,12.05194801856846,0.0,0.0,0.0,0.0,0.0,0.0,0.0,0.0,12.85983670356418,0.0,5.481202144952443,12.4510464094374,0.0,0.0,11.652258862793596,0.0,11.457663396003644,0.0,0.0,0.0,0.0,0.0,0.0,0.0,0.0,11.459785807070254,0.0,0.0,0.0,0.0,0.0,0.0,0.0,0.0,10.67785085104734,12.74035608927067,0.0,0.0,0.0,0.0,0.0,0.0,0.0,0.0,0.0,0.0,0.0,0.0,0.0,0.0,0.0,0.0,11.381405179274852,11.28232726635348,0.0,0.0,0.0,12.227095462178845,8.59265045562092,5.923541542078316,8.488366522229354,5.97336699779681,0.0,12.450067075084,0.0,12.363174836955736,11.35988462374664,0.0,11.698184267489802,0.0,0.0,0.0,0.0,0.0,0.0,0.0,0.0,0.0,0.0,0.0,0.0,0.0,0.0,0.0,0.0,0.0,0.0,0.0,0.0,0.0,0.0,0.0,0.0,0.0,0.0,0.0
0.0,0.0,0.0,10.792601398055092,0.0,0.0,12.38844481222455,12.202524505623549,0.0,0.0,0.0,0.0,0.0,5.481202144952443,0.0,12.763950418820944,0.0,0.0,12.637302810006505,0.0,11.91006780297917,0.0,12.78836643511581,0.0,0.0,0.0,0.0,0.0,0.0,10.512122059348394,0.0,0.0,0.0,0.0,0.0,0.0,0.0,0.0,11.207735402320903,12.939646104879497,0.0,0.0,0.0,0.0,0.0,0.0,0.0,0.0,0.0,0.0,0.0,0.0,0.0,0.0,0.0,0.0,11.605930164459323,12.653837772736823,0.0,0.0,0.0,0.0,10.076874392616208,6.621004131264225,8.855670369277584,4.848850868401012,0.0,0.0,0.0,12.773741998299553,11.2472335574641,0.0,11.163902811085327,0.0,0.0,0.0,0.0,0.0,0.0,0.0,0.0,0.0,0.0,0.0,0.0,0.0,0.0,0.0,0.0,0.0,0.0,0.0,0.0,0.0,0.0,0.0,0.0,0.0,0.0,0.0
0.0,9.826450444677407,0.0,13.365103157769958,0.0,0.0,7.969232292913968,12.155182621903556,0.0,0.0,0.0,0.0,0.0,12.4510464094374,12.763950418820944,0.0,0.0,10.56628668985796,0.0,13.317726880121592,10.840166313017612,12.563406533348704,10.728999403738568,0.0,0.0,0.0,0.0,0.0,0.0,0.0,0.0,0.0,11.864317319380117,0.0,0.0,0.0,0.0,0.0,0.0,11.997217818851052,0.0,0.0,0.0,0.0,0.0,0.0,12.12004086858862,0.0,0.0,0.0,0.0,13.431878426599408,12.74130286562505,0.0,0.0,0.0,11.880736486914085,0.0,0.0,0.0,0.0,0.0,0.0,0.0,0.0,0.0,0.0,0.0,13.178942592470666,11.405822944356576,13.594268500725423,0.0,0.0,0.0,0.0,0.0,0.0,0.0,0.0,0.0,0.0,0.0,0.0,0.0,0.0,0.0,0.0,0.0,0.0,0.0,0.0,0.0,0.0,0.0,0.0,0.0,0.0,0.0,0.0,0.0
0.0,0.0,0.0,0.0,0.0,0.0,0.0,0.0,13.311242525953446,12.541036853245568,0.0,9.464538462818696,11.945476276472403,0.0,0.0,0.0,0.0,0.0,10.915774115344831,12.8000759372714,12.107609441615027,0.0,0.0,11.03708517624572,12.152901541051795,0.0,0.0,0.0,11.40999955843961,0.0,0.0,0.0,0.0,9.642763851805803,0.0,13.0048564730284,0.0,0.0,0.0,0.0,0.0,0.0,0.0,0.0,0.0,0.0,0.0,0.0,0.0,0.0,0.0,0.0,0.0,0.0,0.0,0.0,0.0,0.0,0.0,11.888001087561598,9.281782807138722,0.0,12.832474289529662,0.0,0.0,0.0,0.0,11.014885349713676,0.0,0.0,0.0,0.0,0.0,11.036770517240695,10.902529126099068,12.500258225323268,0.0,0.0,0.0,0.0,12.813351171453768,0.0,0.0,0.0,0.0,0.0,0.0,0.0,0.0,0.0,0.0,0.0,0.0,0.0,0.0,0.0,0.0,0.0,0.0,0.0
0.0,11.42223549159219,0.0,0.0,0.0,0.0,12.179911660162098,0.0,11.291321271769826,0.0,0.0,0.0,0.0,0.0,0.0,10.56628668985796,0.0,0.0,12.044290602646432,11.493113890169084,10.830944635469598,0.0,12.42440745490006,12.19683964196214,0.0,0.0,11.843279863327176,0.0,0.0,0.0,0.0,0.0,0.0,9.043727147442716,11.377543778007231,0.0,0.0,0.0,0.0,0.0,0.0,0.0,0.0,0.0,0.0,0.0,0.0,0.0,0.0,0.0,0.0,0.0,11.10851814378166,0.0,12.518595061804914,0.0,10.333428849552485,11.863861631284314,0.0,0.0,0.0,0.0,0.0,0.0,0.0,0.0,0.0,0.0,8.17718936035823,8.391750995614983,0.0,0.0,12.35731076942449,0.0,0.0,0.0,0.0,0.0,0.0,0.0,11.009238113559231,0.0,0.0,0.0,0.0,0.0,0.0,0.0,0.0,0.0,0.0,0.0,0.0,0.0,0.0,0.0,0.0,0.0,0.0,0.0
0.0,0.0,0.0,0.0,0.0,0.0,0.0,0.0,0.0,0.0,0.0,0.0,13.37507648294725,11.652258862793596,12.637302810006505,0.0,10.915774115344831,12.044290602646432,0.0,0.0,13.132115131703546,0.0,0.0,13.666449503677006,0.0,0.0,0.0,0.0,0.0,0.0,0.0,0.0,0.0,11.05718406298285,0.0,0.0,0.0,0.0,0.0,0.0,0.0,0.0,0.0,0.0,0.0,0.0,0.0,0.0,0.0,0.0,0.0,0.0,13.34410127297857,0.0,0.0,0.0,13.305793209692096,0.0,0.0,0.0,0.0,10.85372728472464,11.882281612033331,12.528037477921211,12.872773779279948,12.350976069427048,0.0,9.28657560032064,12.019033138355663,0.0,0.0,0.0,13.072126875734998,0.0,12.27596374671595,0.0,13.290857828961604,0.0,0.0,0.0,0.0,0.0,0.0,0.0,0.0,0.0,0.0,0.0,0.0,0.0,0.0,0.0,0.0,0.0,0.0,0.0,0.0,0.0,0.0,0.0
0.0,0.0,0.0,0.0,0.0,0.0,11.42972461825791,0.0,0.0,0.0,0.0,0.0,0.0,0.0,0.0,0.0,0.0,11.493113890169084,0.0,0.0,10.69116101753582,0.0,11.091868440121631,0.0,0.0,0.0,11.5182999422857,0.0,11.23675487708224,12.49030397204126,0.0,0.0,0.0,0.0,0.0,11.449339213514676,11.804500618154382,0.0,0.0,0.0,0.0,0.0,0.0,0.0,0.0,0.0,0.0,12.332402938683114,0.0,12.471678111558315,0.0,0.0,0.0,0.0,12.337969722885411,12.392833341361364,0.0,0.0,0.0,0.0,0.0,0.0,0.0,0.0,0.0,0.0,0.0,0.0,0.0,11.891947479001589,10.213595206488543,0.0,0.0,12.49954657157033,0.0,0.0,0.0,0.0,0.0,0.0,0.0,0.0,0.0,0.0,0.0,0.0,12.613104020135996,0.0,9.616364602613432,11.196866909551394,0.0,0.0,0.0,0.0,0.0,0.0,0.0,0.0,12.12769889842698,0.0
0.0,0.0,0.0,10.913960722023193,0.0,0.0,8.364091258533932,11.9497823819619,0.0,0.0,0.0,0.0,0.0,11.457663396003644,11.91006780297917,10.840166313017612,12.107609441615027,10.830944635469598,0.0,10.69116101753582,0.0,0.0,11.99969607674552,0.0,0.0,0.0,0.0,0.0,10.714197401376625,11.63232860110848,0.0,0.0,0.0,0.0,0.0,0.0,0.0,0.0,0.0,12.232400505239658,0.0,0.0,0.0,0.0,0.0,0.0,0.0,0.0,0.0,0.0,0.0,0.0,0.0,0.0,0.0,0.0,11.760571380769052,0.0,0.0,0.0,0.0,0.0,0.0,12.024301665176027,11.14902243472704,0.0,0.0,11.989953073817098,12.20849024851336,10.499813815543844,8.56599334900881,0.0,0.0,0.0,0.0,0.0,0.0,0.0,0.0,0.0,0.0,0.0,0.0,0.0,0.0,0.0,0.0,0.0,0.0,0.0,0.0,0.0,0.0,0.0,0.0,0.0,0.0,0.0,0.0,0.0
0.0,12.989629118974287,13.440199133978997,0.0,0.0,0.0,12.510258045647342,13.154635900905996,0.0,0.0,0.0,0.0,13.47597352657332,0.0,0.0,12.563406533348704,0.0,0.0,0.0,0.0,0.0,0.0,11.776058422095875,13.18713861976532,0.0,0.0,13.487656847413836,0.0,0.0,0.0,0.0,0.0,13.10180540693636,0.0,0.0,0.0,0.0,0.0,0.0,11.36347638407371,13.563786216418402,0.0,0.0,0.0,0.0,0.0,12.170914595770284,13.484682282576276,0.0,0.0,0.0,12.93542513592724,0.0,0.0,12.625583040898528,0.0,0.0,0.0,0.0,0.0,0.0,0.0,0.0,0.0,0.0,0.0,0.0,0.0,0.0,0.0,0.0,12.93297963762318,0.0,13.277748473620814,0.0,0.0,0.0,0.0,0.0,0.0,0.0,0.0,0.0,0.0,13.111766314224308,0.0,0.0,0.0,0.0,0.0,0.0,0.0,0.0,0.0,13.486491123469266,0.0,0.0,0.0,0.0,0.0
0.0,12.502225686069387,0.0,0.0,0.0,0.0,9.712841472718765,11.988245905375024,12.666318863401775,12.642241937824794,0.0,0.0,12.489727039241815,0.0,0.0,10.728999403738568,0.0,12.42440745490006,0.0,11.091868440121631,11.99969607674552,11.776058422095875,0.0,0.0,0.0,0.0,0.0,0.0,0.0,10.78495218078016,0.0,0.0,0.0,0.0,0.0,0.0,0.0,0.0,0.0,10.69975790858078,0.0,0.0,0.0,0.0,0.0,0.0,12.587518533417889,12.656951519655122,0.0,0.0,0.0,0.0,0.0,0.0,0.0,0.0,0.0,0.0,0.0,0.0,0.0,0.0,0.0,0.0,0.0,0.0,0.0,0.0,0.0,11.307320518466636,12.133001262836116,0.0,10.515392779636448,12.467188634505863,0.0,0.0,0.0,11.617673093443177,0.0,0.0,0.0,0.0,0.0,0.0,0.0,0.0,0.0,0.0,0.0,0.0,0.0,0.0,0.0,0.0,0.0,0.0,0.0,0.0,0.0,0.0
0.0,0.0,0.0,0.0,0.0,11.272123912882108,0.0,0.0,0.0,0.0,0.0,9.072811691650092,0.0,0.0,0.0,0.0,11.03708517624572,0.0,0.0,0.0,0.0,0.0,0.0,0.0,10.98784859943252,10.227271446136848,10.577035181091546,11.503272866121964,11.865208612522457,0.0,0.0,0.0,0.0,9.941068701533274,10.364357380702671,10.868500045046977,0.0,0.0,0.0,0.0,0.0,10.45271507234164,0.0,0.0,0.0,0.0,0.0,0.0,0.0,0.0,0.0,0.0,0.0,0.0,10.869419616564173,0.0,0.0,0.0,0.0,0.0,10.93346527474478,0.0,0.0,0.0,0.0,0.0,0.0,0.0,0.0,0.0,0.0,11.488115262264834,0.0,8.987455207052262,9.064210103970588,10.51362629068216,0.0,0.0,0.0,0.0,9.259973833883311,0.0,0.0,0.0,0.0,0.0,0.0,0.0,0.0,0.0,0.0,0.0,0.0,0.0,10.272409430409542,0.0,0.0,0.0,0.0,0.0
0.0,0.0,0.0,0.0,0.0,10.220461468418884,0.0,0.0,0.0,10.064939602137944,12.208142291202956,9.750948352068804,0.0,0.0,0.0,0.0,12.152901541051795,0.0,0.0,0.0,0.0,0.0,0.0,10.98784859943252,0.0,10.214620208360154,0.0,0.0,0.0,0.0,0.0,12.26125378813949,0.0,0.0,12.011014685362689,11.684916695769562,0.0,0.0,0.0,0.0,0.0,11.155703852902857,0.0,0.0,0.0,0.0,0.0,0.0,0.0,0.0,0.0,0.0,0.0,0.0,11.660072854813228,0.0,0.0,0.0,9.992887185070655,0.0,11.210475590606103,0.0,0.0,0.0,0.0,0.0,0.0,0.0,0.0,0.0,0.0,0.0,0.0,11.831482669621002,10.542668029690022,7.990954209956511,0.0,0.0,0.0,10.277668529498852,11.849326154149267,0.0,0.0,0.0,0.0,0.0,0.0,0.0,0.0,0.0,0.0,9.482104050147605,0.0,0.0,0.0,0.0,0.0,0.0,0.0,0.0
0.0,0.0,11.690709895278877,0.0,0.0,10.963364988070602,0.0,0.0,12.365973137204865,0.0,0.0,9.199470273036704,0.0,0.0,0.0,0.0,0.0,0.0,0.0,0.0,0.0,0.0,0.0,10.227271446136848,10.214620208360154,0.0,11.44735118244617,11.56165985452652,0.0,0.0,0.0,0.0,0.0,0.0,11.41793125038878,0.0,0.0,0.0,0.0,0.0,0.0,9.885700524619242,0.0,0.0,0.0,0.0,0.0,0.0,0.0,0.0,0.0,0.0,0.0,0.0,11.264308060704796,12.318820655838714,0.0,0.0,10.819274723893905,0.0,11.382704575095984,0.0,0.0,0.0,0.0,0.0,0.0,0.0,0.0,0.0,0.0,0.0,0.0,0.0,11.62049250468076,9.032440162335334,0.0,0.0,0.0,0.0,10.686581434339722,0.0,0.0,0.0,0.0,0.0,0.0,0.0,0.0,0.0,0.0,10.96055056239753,0.0,11.701870611440253,10.898151251955172,0.0,0.0,0.0,0.0,0.0
0.0,0.0,0.0,0.0,0.0,11.925142678895735,0.0,0.0,0.0,0.0,0.0,0.0,0.0,0.0,0.0,0.0,0.0,11.843279863327176,0.0,11.5182999422857,0.0,0.0,0.0,10.577035181091546,0.0,11.44735118244617,0.0,12.051531659241492,0.0,0.0,0.0,0.0,0.0,11.708529739745892,7.174565584790224,11.226565768180905,11.627430777213345,0.0,0.0,0.0,0.0,11.703250220685128,10.755689602967712,0.0,11.679576199045185,0.0,0.0,0.0,0.0,0.0,0.0,11.974650928225396,0.0,0.0,9.956230334690478,0.0,0.0,0.0,0.0,0.0,0.0,0.0,0.0,0.0,0.0,0.0,0.0,0.0,0.0,0.0,0.0,0.0,0.0,0.0,0.0,0.0,0.0,0.0,0.0,0.0,11.70467194646797,0.0,0.0,0.0,11.967737759675286,12.148898984257354,0.0,0.0,11.915789899618876,0.0,0.0,0.0,0.0,12.310671768022624,0.0,0.0,0.0,0.0,0.0,0.0
0.0,0.0,0.0,0.0,0.0,10.237811623253446,0.0,0.0,0.0,0.0,0.0,10.991783300642728,0.0,0.0,0.0,0.0,0.0,0.0,0.0,0.0,0.0,0.0,0.0,11.503272866121964,0.0,11.56165985452652,0.0,0.0,0.0,0.0,0.0,0.0,0.0,0.0,0.0,10.430166276915914,9.169135854413105,0.0,0.0,0.0,0.0,0.0,0.0,0.0,0.0,0.0,0.0,0.0,0.0,0.0,0.0,0.0,0.0,0.0,9.688612293847072,0.0,0.0,0.0,0.0,0.0,11.827149820669,0.0,0.0,0.0,0.0,0.0,0.0,0.0,0.0,0.0,0.0,9.6127132636377,0.0,11.335209763801322,0.0,10.322246749047912,0.0,0.0,0.0,0.0,11.303716931128678,0.0,0.0,0.0,9.99695575422541,9.466755440696952,9.698343252869591,7.595273927028645,11.691839145785009,9.745922966273556,0.0,0.0,0.0,11.3162979219666,9.27022027829491,0.0,0.0,0.0,0.0,0.0
0.0,0.0,0.0,0.0,0.0,0.0,11.608671715351123,0.0,0.0,0.0,0.0,12.312913761024712,0.0,0.0,0.0,0.0,11.40999955843961,0.0,0.0,11.23675487708224,10.714197401376625,0.0,0.0,11.865208612522457,0.0,0.0,0.0,0.0,0.0,0.0,0.0,0.0,0.0,0.0,0.0,11.812825634789244,11.506938937793464,0.0,0.0,0.0,0.0,0.0,0.0,0.0,0.0,0.0,0.0,0.0,0.0,0.0,0.0,0.0,0.0,0.0,12.839709979907658,0.0,0.0,0.0,0.0,0.0,12.151068152747497,0.0,12.833022309087443,0.0,0.0,0.0,0.0,12.75386518889248,0.0,0.0,0.0,0.0,0.0,10.407864774992438,12.09544615172459,0.0,10.33952065244412,0.0,0.0,0.0,0.0,0.0,0.0,11.37884332413572,11.897506168311756,0.0,12.04260575901609,0.0,11.36964104537045,12.311586207698085,0.0,0.0,0.0,0.0,0.0,0.0,0.0,0.0,0.0,0.0
0.0,0.0,0.0,10.66497793504306,0.0,0.0,11.873087963283153,10.898247962250588,0.0,0.0,0.0,0.0,11.86792786452822,11.459785807070254,10.512122059348394,0.0,0.0,0.0,0.0,12.49030397204126,11.63232860110848,0.0,10.78495218078016,0.0,0.0,0.0,0.0,0.0,0.0,0.0,0.0,0.0,0.0,0.0,0.0,0.0,0.0,0.0,0.0,0.0,0.0,0.0,0.0,0.0,0.0,0.0,0.0,12.135113134358896,0.0,0.0,0.0,0.0,0.0,0.0,0.0,0.0,12.591321372472091,12.49414051542438,0.0,0.0,0.0,0.0,12.18265511126468,11.60122696359497,12.015571221141707,11.742447622444256,0.0,0.0,0.0,12.716088813362676,10.722505084497993,0.0,11.036793188761118,0.0,0.0,0.0,0.0,9.286576233436463,0.0,0.0,0.0,0.0,0.0,0.0,0.0,0.0,0.0,0.0,0.0,0.0,0.0,0.0,0.0,0.0,0.0,0.0,0.0,0.0,0.0,0.0
0.0,0.0,0.0,0.0,0.0,15.90145430260961,0.0,0.0,0.0,0.0,0.0,0.0,0.0,0.0,0.0,0.0,0.0,0.0,16.191480788984663,0.0,0.0,0.0,0.0,0.0,0.0,0.0,16.27159850680676,0.0,0.0,0.0,0.0,0.0,0.0,0.0,15.975301542714368,15.155185862283329,15.941430920204189,0.0,0.0,0.0,15.943384905471037,0.0,14.792638161376924,14.283342293344832,14.804008692733644,16.14208139714557,15.577412297155112,0.0,13.97824826876697,0.0,0.0,0.0,0.0,0.0,15.974829736381135,0.0,0.0,0.0,0.0,0.0,0.0,0.0,0.0,0.0,0.0,0.0,0.0,0.0,0.0,0.0,0.0,0.0,0.0,0.0,0.0,0.0,0.0,0.0,11.728414945914809,0.0,0.0,0.0,0.0,0.0,0.0,0.0,0.0,0.0,15.815127027104708,0.0,15.012742549427957,15.47339993593849,0.0,13.774297861078091,0.0,0.0,0.0,0.0,16.150747114533036,0.0
10.23674745019328,0.0,0.0,0.0,15.29949986499325,14.730835889674331,0.0,15.01094088071709,0.0,13.23587706179314,14.984450024333258,0.0,0.0,0.0,0.0,0.0,0.0,0.0,0.0,0.0,0.0,0.0,0.0,0.0,12.26125378813949,0.0,0.0,0.0,0.0,0.0,0.0,0.0,0.0,0.0,0.0,0.0,0.0,14.021449891990532,0.0,0.0,0.0,15.140209218754936,0.0,0.0,0.0,0.0,0.0,0.0,0.0,0.0,10.862650919601403,0.0,0.0,0.0,0.0,0.0,0.0,0.0,0.0,0.0,0.0,0.0,0.0,0.0,0.0,0.0,0.0,0.0,0.0,0.0,0.0,0.0,0.0,0.0,15.256105203509035,14.40956850534059,0.0,0.0,0.0,6.755312506985632,0.0,0.0,0.0,14.537773888054724,14.741645730994962,14.960337248261272,0.0,14.186358002119322,0.0,0.0,0.0,13.360309566778149,0.0,0.0,15.00796202534213,0.0,15.081882385136504,0.0,0.0,0.0
14.799666798466069,0.0,0.0,0.0,0.0,0.0,13.017800314594416,0.0,0.0,0.0,0.0,0.0,0.0,0.0,0.0,11.864317319380117,0.0,0.0,0.0,14.668517144949814,14.245389499766697,13.10180540693636,13.722138527981862,0.0,0.0,0.0,0.0,0.0,0.0,0.0,0.0,0.0,0.0,0.0,0.0,0.0,0.0,10.413292570804392,13.1407983126963,12.93514767880322,12.711083999495877,0.0,0.0,0.0,0.0,14.10463938644702,12.945687787637963,11.221588580386554,0.0,12.74911936130284,0.0,0.0,0.0,0.0,0.0,0.0,0.0,0.0,0.0,0.0,0.0,0.0,0.0,0.0,0.0,0.0,0.0,0.0,0.0,14.737022451658834,0.0,0.0,0.0,0.0,0.0,0.0,0.0,0.0,0.0,0.0,0.0,0.0,0.0,14.313220757664997,14.347205440567077,0.0,0.0,0.0,0.0,0.0,0.0,0.0,0.0,0.0,0.0,0.0,14.345565531963114,0.0,0.0,14.361758561179702
0.0,0.0,0.0,0.0,0.0,11.721586579560784,0.0,0.0,0.0,0.0,0.0,11.42521876669454,0.0,0.0,0.0,0.0,9.642763851805803,9.043727147442716,11.05718406298285,13.177307677678243,0.0,0.0,0.0,9.941068701533274,13.188440524006152,0.0,11.708529739745892,0.0,13.131203225322174,0.0,0.0,0.0,0.0,0.0,10.207630338363796,10.730134705990498,13.14046218043571,0.0,0.0,0.0,0.0,0.0,0.0,0.0,0.0,0.0,0.0,0.0,0.0,0.0,0.0,0.0,0.0,0.0,11.714645804716746,0.0,0.0,0.0,0.0,0.0,0.0,0.0,0.0,0.0,0.0,0.0,0.0,0.0,12.303339382998836,0.0,0.0,13.213889074726415,0.0,0.0,11.703286027717118,0.0,0.0,0.0,0.0,0.0,8.89985852577125,0.0,0.0,12.179521490873473,0.0,0.0,0.0,0.0,12.91004436114564,0.0,0.0,0.0,0.0,0.0,0.0,0.0,0.0,0.0,0.0,0.0
0.0,0.0,0.0,0.0,12.057037409381543,11.347515938662818,0.0,0.0,0.0,0.0,0.0,12.204010960831951,0.0,0.0,0.0,0.0,0.0,11.377543778007231,0.0,0.0,0.0,0.0,0.0,10.364357380702671,12.011014685362689,11.41793125038878,7.174565584790224,12.375483839058573,0.0,0.0,0.0,0.0,0.0,10.207630338363796,0.0,11.046560826072112,0.0,0.0,0.0,0.0,0.0,11.97897174256095,9.017128259177996,0.0,9.926551990085343,0.0,0.0,0.0,0.0,0.0,0.0,0.0,0.0,0.0,9.801653387768242,0.0,0.0,0.0,0.0,0.0,0.0,0.0,0.0,0.0,0.0,0.0,0.0,0.0,12.466820305272234,0.0,0.0,0.0,0.0,0.0,0.0,0.0,0.0,0.0,0.0,0.0,10.198520682599908,0.0,0.0,12.337976912623468,0.0,0.0,0.0,0.0,0.0,0.0,0.0,0.0,0.0,11.886400370162107,12.424279829175072,0.0,0.0,0.0,0.0,0.0
0.0,0.0,0.0,0.0,0.0,9.580295797840895,0.0,0.0,0.0,0.0,0.0,11.4536165430275,0.0,0.0,0.0,0.0,0.0,0.0,0.0,11.449339213514676,0.0,0.0,0.0,10.868500045046977,11.684916695769562,0.0,11.226565768180905,10.430166276915914,11.812825634789244,0.0,0.0,0.0,0.0,10.730134705990498,11.046560826072112,0.0,8.247904016416381,0.0,0.0,0.0,0.0,0.0,0.0,0.0,0.0,0.0,0.0,0.0,9.93521706447748,0.0,0.0,0.0,0.0,0.0,9.094369632044108,11.694014086794288,0.0,0.0,0.0,0.0,0.0,0.0,0.0,0.0,0.0,0.0,0.0,0.0,0.0,0.0,0.0,0.0,0.0,12.212938651114904,0.0,0.0,0.0,0.0,0.0,0.0,11.46959454233419,0.0,0.0,0.0,0.0,0.0,8.660671414927004,0.0,6.672488532660539,11.929712621644036,0.0,0.0,0.0,12.238927019443842,0.0,0.0,0.0,0.0,0.0,0.0
0.0,0.0,0.0,0.0,0.0,11.482486367007404,0.0,0.0,0.0,0.0,0.0,12.309455857691589,0.0,0.0,0.0,0.0,0.0,0.0,0.0,11.804500618154382,0.0,0.0,0.0,11.936099359009638,0.0,0.0,11.627430777213345,9.169135854413105,11.506938937793464,0.0,0.0,0.0,0.0,0.0,0.0,8.247904016416381,0.0,0.0,0.0,0.0,0.0,0.0,0.0,0.0,0.0,0.0,0.0,0.0,9.452063887513953,0.0,0.0,0.0,0.0,0.0,9.437289687948992,0.0,0.0,0.0,0.0,0.0,0.0,0.0,0.0,0.0,0.0,0.0,0.0,0.0,0.0,0.0,0.0,11.93805823479356,0.0,12.145380140125948,0.0,0.0,0.0,0.0,0.0,0.0,0.0,0.0,0.0,11.805931192701577,11.345158538870583,10.67730924327644,6.605681322024124,11.310454967517408,8.9097053916129,11.598686964695505,0.0,0.0,0.0,0.0,0.0,0.0,0.0,0.0,10.798730658447695,0.0
0.0,0.0,0.0,12.85226496202731,0.0,0.0,13.16290233926332,0.0,0.0,11.329933829416213,0.0,0.0,0.0,13.542534051330575,13.45208618387821,0.0,0.0,0.0,0.0,0.0,12.920422744469402,0.0,13.379062658954346,0.0,0.0,0.0,0.0,0.0,0.0,0.0,0.0,0.0,10.413292570804392,0.0,0.0,0.0,0.0,0.0,9.08769215293036,11.557766030158485,13.575805584818102,0.0,0.0,0.0,0.0,0.0,0.0,13.624696555482316,0.0,12.094028006956451,0.0,0.0,0.0,0.0,0.0,0.0,0.0,0.0,0.0,0.0,0.0,0.0,0.0,13.521398859253164,13.269313752302471,0.0,13.629113680807665,0.0,0.0,0.0,13.775325832318549,0.0,0.0,0.0,0.0,0.0,0.0,0.0,0.0,0.0,0.0,0.0,12.098941793325874,0.0,0.0,0.0,0.0,0.0,0.0,0.0,0.0,0.0,0.0,0.0,0.0,13.841986089813386,0.0,0.0,0.0,11.502336748357967
0.0,0.0,0.0,13.731784746753178,0.0,0.0,0.0,0.0,0.0,13.640000029234097,0.0,0.0,0.0,10.67785085104734,11.207735402320903,0.0,0.0,0.0,0.0,0.0,14.180191256362829,0.0,13.708352135737876,0.0,0.0,0.0,0.0,0.0,0.0,0.0,0.0,0.0,13.1407983126963,0.0,0.0,0.0,0.0,9.08769215293036,0.0,10.083794772520005,12.398193599638317,0.0,0.0,0.0,0.0,0.0,12.7727667125119,0.0,0.0,11.141604923144952,0.0,0.0,0.0,0.0,0.0,0.0,0.0,0.0,0.0,0.0,0.0,0.0,0.0,12.044940128128358,12.112528710360182,11.426714675190237,12.378901237636493,0.0,0.0,0.0,13.993007549869558,0.0,13.912910375449131,0.0,0.0,0.0,0.0,0.0,0.0,0.0,0.0,0.0,0.0,0.0,0.0,0.0,0.0,0.0,0.0,0.0,0.0,0.0,13.26248836158809,0.0,0.0,0.0,0.0,0.0,0.0,11.10419007782314
0.0,0.0,0.0,0.0,0.0,0.0,10.406481323262762,0.0,0.0,12.23610350750822,0.0,0.0,12.99666929451497,12.74035608927067,12.939646104879497,11.997217818851052,0.0,0.0,0.0,13.178455469693548,12.232400505239658,11.36347638407371,10.69975790858078,0.0,0.0,0.0,0.0,0.0,0.0,0.0,0.0,0.0,12.93514767880322,0.0,0.0,0.0,0.0,11.557766030158485,10.083794772520005,0.0,11.445607020081606,0.0,0.0,0.0,0.0,0.0,11.383945711462834,0.0,0.0,10.061564458699142,0.0,0.0,0.0,0.0,0.0,0.0,0.0,0.0,0.0,0.0,0.0,0.0,0.0,0.0,0.0,0.0,11.008571663684153,0.0,0.0,0.0,0.0,0.0,0.0,12.59959081634771,0.0,0.0,0.0,0.0,0.0,0.0,0.0,0.0,0.0,0.0,0.0,0.0,0.0,0.0,0.0,0.0,0.0,0.0,12.7537435980455,0.0,0.0,0.0,0.0,0.0,0.0,11.933835643887184
0.0,0.0,0.0,0.0,0.0,0.0,0.0,0.0,0.0,0.0,0.0,0.0,0.0,0.0,0.0,13.8012243766829,0.0,0.0,0.0,13.170840542466598,0.0,13.563786216418402,0.0,0.0,0.0,0.0,0.0,0.0,0.0,0.0,0.0,0.0,12.711083999495877,0.0,0.0,0.0,0.0,13.575805584818102,12.398193599638317,11.445607020081606,0.0,0.0,13.523291647966438,11.903984353800237,0.0,10.65976345144585,8.053586421707244,10.861799151469476,12.683909527487437,7.259209522168304,0.0,0.0,0.0,0.0,0.0,0.0,0.0,0.0,0.0,0.0,0.0,0.0,0.0,0.0,0.0,0.0,11.82168980562627,0.0,0.0,0.0,0.0,0.0,0.0,0.0,0.0,0.0,0.0,0.0,0.0,0.0,0.0,13.510100726410167,0.0,0.0,0.0,0.0,0.0,0.0,0.0,0.0,0.0,0.0,13.488344096508063,0.0,0.0,12.542765043106904,0.0,0.0,12.292909734749085,9.516317029370306
0.0,0.0,12.963790114134806,0.0,0.0,11.726024015252635,0.0,0.0,0.0,0.0,0.0,12.280557717846923,0.0,0.0,0.0,0.0,0.0,0.0,0.0,0.0,0.0,0.0,0.0,10.45271507234164,11.155703852902857,9.885700524619242,11.703250220685128,11.829668191529835,0.0,0.0,0.0,0.0,0.0,0.0,11.97897174256095,12.847072650090118,12.609869787185437,0.0,0.0,0.0,0.0,0.0,0.0,0.0,0.0,0.0,0.0,0.0,0.0,0.0,0.0,0.0,0.0,0.0,11.40486991790321,0.0,0.0,0.0,12.534046416330316,0.0,12.962134473860706,0.0,0.0,0.0,0.0,0.0,0.0,0.0,0.0,0.0,0.0,12.037569833188652,0.0,12.352231977247625,0.0,11.063674885197894,0.0,0.0,0.0,0.0,0.0,0.0,0.0,0.0,0.0,0.0,0.0,0.0,0.0,0.0,0.0,10.8306729675673,0.0,11.56194918270619,10.923349581887432,0.0,0.0,0.0,0.0,0.0
0.0,0.0,0.0,0.0,13.250087908172388,0.0,0.0,0.0,0.0,0.0,0.0,0.0,0.0,0.0,0.0,0.0,0.0,12.987960458312196,0.0,0.0,0.0,0.0,0.0,13.204878561527163,0.0,0.0,10.755689602967712,0.0,0.0,0.0,0.0,0.0,0.0,0.0,9.017128259177996,0.0,0.0,0.0,0.0,0.0,0.0,13.077570998978697,0.0,0.0,8.208249612540474,11.694627846408954,11.209067813462015,0.0,0.0,0.0,12.217465986675483,12.656092687001085,12.990110439987266,0.0,12.65539288298964,0.0,12.134456256681538,0.0,0.0,0.0,0.0,0.0,0.0,0.0,0.0,0.0,0.0,0.0,13.151843306850203,0.0,0.0,0.0,0.0,0.0,0.0,0.0,0.0,0.0,0.0,0.0,13.23053404434642,0.0,0.0,0.0,0.0,12.480215653177137,0.0,0.0,0.0,0.0,12.555168626148742,12.540038795133984,0.0,12.86585554916093,0.0,0.0,0.0,0.0,0.0,0.0
0.0,0.0,0.0,0.0,0.0,0.0,0.0,0.0,0.0,0.0,0.0,0.0,0.0,0.0,0.0,0.0,0.0,0.0,0.0,0.0,0.0,0.0,0.0,0.0,0.0,0.0,0.0,12.728862654524312,0.0,0.0,0.0,0.0,0.0,0.0,0.0,0.0,0.0,0.0,0.0,0.0,11.903984353800237,13.71695225967451,0.0,0.0,13.473691576156488,11.597767062423127,13.754009437947616,0.0,12.749406908548137,12.821050372100908,0.0,0.0,0.0,0.0,0.0,0.0,0.0,0.0,0.0,0.0,0.0,0.0,0.0,0.0,0.0,0.0,12.355503744715,0.0,0.0,0.0,0.0,0.0,0.0,0.0,0.0,0.0,0.0,0.0,0.0,0.0,0.0,11.907085873471903,0.0,0.0,0.0,0.0,13.00936120844666,0.0,13.552603714111806,0.0,13.209663262774532,0.0,13.67226362226091,13.605357208906812,0.0,8.282525558298888,11.953615771103662,12.177550926109395,11.243739748917838,11.124965581607436
0.0,0.0,13.42100023556202,0.0,12.71922645463729,13.134241799460751,0.0,0.0,0.0,0.0,0.0,0.0,0.0,0.0,0.0,0.0,0.0,0.0,0.0,0.0,0.0,0.0,0.0,0.0,0.0,13.19064454620517,11.679576199045185,0.0,0.0,0.0,0.0,0.0,0.0,0.0,9.926551990085343,0.0,0.0,0.0,0.0,0.0,0.0,0.0,8.208249612540474,13.473691576156488,0.0,12.90057603501704,0.0,0.0,0.0,0.0,11.83520916501801,13.116209752842495,12.81192623051431,0.0,12.838113248113231,0.0,13.468260823554168,0.0,0.0,0.0,0.0,0.0,0.0,0.0,0.0,0.0,0.0,0.0,13.620638786199388,0.0,0.0,0.0,0.0,0.0,0.0,0.0,0.0,0.0,0.0,0.0,0.0,0.0,0.0,0.0,0.0,13.26562387112626,0.0,0.0,0.0,0.0,11.056559346773009,12.343445648340785,0.0,13.051206854417496,0.0,0.0,0.0,13.345560418264313,0.0,0.0
0.0,0.0,0.0,0.0,0.0,0.0,0.0,0.0,0.0,0.0,0.0,0.0,0.0,0.0,0.0,0.0,0.0,0.0,0.0,0.0,0.0,14.030844567631105,0.0,0.0,0.0,0.0,13.28161094699747,0.0,0.0,0.0,0.0,0.0,14.10463938644702,0.0,0.0,0.0,0.0,0.0,0.0,0.0,10.65976345144585,0.0,11.694627846408954,11.597767062423127,12.90057603501704,0.0,9.150150930847852,10.775556454875966,14.442175122402622,11.671823118974858,0.0,0.0,0.0,0.0,14.363140647461492,0.0,0.0,0.0,0.0,0.0,0.0,0.0,0.0,0.0,0.0,0.0,13.304303995378548,0.0,0.0,0.0,0.0,0.0,0.0,0.0,0.0,0.0,0.0,0.0,0.0,0.0,0.0,12.58058782256263,0.0,0.0,0.0,13.45588635101379,0.0,0.0,0.0,0.0,0.0,0.0,0.0,0.0,0.0,11.27205013548836,7.053024741057326,9.542096793015352,13.444389109875171,12.310742228440782
0.0,11.770374415754937,0.0,0.0,0.0,0.0,0.0,0.0,0.0,0.0,0.0,0.0,0.0,0.0,0.0,12.12004086858862,0.0,13.11815439168859,0.0,0.0,0.0,12.170914595770284,12.587518533417889,0.0,0.0,0.0,12.869363009157327,0.0,0.0,0.0,0.0,0.0,12.945687787637963,0.0,0.0,0.0,0.0,0.0,12.7727667125119,11.383945711462834,8.053586421707244,0.0,11.209067813462015,0.0,0.0,9.150150930847852,0.0,11.3518647396319,0.0,10.32894079193462,0.0,0.0,0.0,0.0,0.0,0.0,12.810371169036248,0.0,0.0,0.0,0.0,0.0,0.0,0.0,0.0,0.0,12.098105988230916,0.0,13.386371591856516,11.432046919994956,0.0,0.0,0.0,0.0,0.0,0.0,0.0,0.0,0.0,0.0,0.0,0.0,0.0,0.0,0.0,0.0,0.0,0.0,0.0,0.0,0.0,0.0,0.0,0.0,0.0,0.0,13.306597769918396,0.0,0.0,12.51869043007608
0.0,0.0,0.0,0.0,0.0,0.0,13.429092005797704,0.0,0.0,0.0,0.0,0.0,0.0,0.0,0.0,0.0,0.0,0.0,0.0,12.332402938683114,0.0,13.484682282576276,12.656951519655122,0.0,0.0,0.0,0.0,0.0,0.0,12.135113134358896,0.0,0.0,11.221588580386554,0.0,0.0,0.0,13.019305485864646,0.0,0.0,0.0,10.861799151469476,0.0,0.0,0.0,0.0,10.775556454875966,11.3518647396319,0.0,0.0,10.927441340832436,0.0,0.0,0.0,0.0,0.0,0.0,0.0,0.0,0.0,0.0,0.0,0.0,0.0,0.0,0.0,0.0,0.0,0.0,0.0,0.0,0.0,0.0,0.0,0.0,0.0,0.0,0.0,12.757705586434026,0.0,0.0,0.0,0.0,0.0,0.0,13.037330662717224,0.0,13.281009756885764,12.287840508746346,0.0,0.0,0.0,0.0,0.0,0.0,0.0,12.378108096541071,11.41378028441886,9.547212344144327,12.049702784302225,12.194422170819454
0.0,0.0,13.139890024049862,0.0,0.0,10.74890945252511,0.0,0.0,0.0,0.0,0.0,0.0,0.0,0.0,0.0,0.0,0.0,13.33330181522664,0.0,13.313964231656042,0.0,0.0,0.0,0.0,13.553970341304032,0.0,0.0,13.093054988154174,0.0,0.0,0.0,0.0,0.0,0.0,0.0,9.93521706447748,9.452063887513953,0.0,0.0,0.0,12.683909527487437,0.0,0.0,12.749406908548137,0.0,0.0,0.0,0.0,0.0,12.935028263318118,0.0,0.0,0.0,0.0,10.31473781834945,12.228768113639116,0.0,0.0,0.0,0.0,0.0,0.0,0.0,0.0,0.0,0.0,0.0,0.0,0.0,0.0,0.0,13.202248016148008,0.0,0.0,0.0,0.0,0.0,0.0,0.0,0.0,0.0,0.0,0.0,0.0,0.0,12.449605385786086,10.024134411027044,0.0,9.349753598262064,0.0,0.0,0.0,0.0,13.200724986207089,0.0,0.0,0.0,0.0,8.548534761435617,13.342397607635611
0.0,0.0,0.0,0.0,0.0,0.0,0.0,0.0,0.0,0.0,0.0,0.0,0.0,13.134674330407378,0.0,0.0,0.0,0.0,0.0,12.471678111558315,0.0,0.0,0.0,0.0,0.0,0.0,0.0,0.0,0.0,0.0,0.0,0.0,12.74911936130284,0.0,0.0,0.0,0.0,12.094028006956451,11.141604923144952,10.061564458699142,7.259209522168304,0.0,0.0,12.821050372100908,0.0,11.671823118974858,10.32894079193462,10.927441340832436,12.935028263318118,0.0,0.0,0.0,0.0,0.0,0.0,0.0,0.0,0.0,0.0,0.0,0.0,0.0,0.0,0.0,12.9399169505864,0.0,10.934458834609018,0.0,0.0,0.0,12.948924491896513,0.0,0.0,0.0,0.0,0.0,0.0,0.0,0.0,0.0,0.0,0.0,0.0,0.0,0.0,0.0,0.0,0.0,13.106679462924191,0.0,0.0,0.0,13.047151196568567,0.0,0.0,11.805541043603064,0.0,0.0,11.06850425015864,5.792522124846527
11.381166889831452,0.0,13.486722104130251,0.0,13.20074224468538,13.44432038313084,0.0,0.0,0.0,0.0,0.0,0.0,0.0,0.0,0.0,0.0,0.0,0.0,0.0,0.0,0.0,0.0,0.0,0.0,13.314191878584865,13.309267980130464,0.0,0.0,0.0,0.0,0.0,10.862650919601403,0.0,0.0,13.286488186599168,0.0,0.0,0.0,0.0,0.0,0.0,13.446789181786398,12.217465986675483,0.0,11.83520916501801,0.0,0.0,0.0,0.0,0.0,0.0,11.95908484214181,13.668652022555458,0.0,0.0,0.0,13.38285361777493,0.0,0.0,0.0,0.0,0.0,0.0,0.0,0.0,0.0,0.0,0.0,13.18560746000268,0.0,0.0,0.0,0.0,0.0,0.0,0.0,0.0,0.0,0.0,10.920669983461812,13.083963668660978,0.0,0.0,0.0,0.0,12.98871400308591,0.0,0.0,0.0,0.0,13.382013905342106,11.827000736511645,0.0,0.0,0.0,0.0,0.0,0.0,0.0,0.0
0.0,9.63932515727295,8.529710402216379,0.0,12.069266124838215,12.338610160139677,0.0,11.2319067551134,9.635265756052352,0.0,0.0,0.0,0.0,0.0,0.0,0.0,0.0,12.555932209871848,0.0,0.0,0.0,0.0,0.0,0.0,0.0,0.0,11.974650928225396,0.0,0.0,0.0,0.0,0.0,0.0,0.0,0.0,0.0,0.0,0.0,0.0,0.0,0.0,0.0,12.656092687001085,0.0,0.0,0.0,0.0,0.0,0.0,0.0,11.95908484214181,0.0,11.580070418158405,12.857389613600242,11.230688197832588,9.685449934453278,9.088420404508051,9.950151141685936,0.0,0.0,0.0,0.0,0.0,0.0,0.0,0.0,0.0,0.0,0.0,11.46481600803851,0.0,0.0,10.80876637795823,11.68905646141143,0.0,0.0,0.0,0.0,0.0,0.0,0.0,0.0,0.0,0.0,0.0,0.0,0.0,0.0,0.0,0.0,0.0,0.0,12.801819062713758,0.0,0.0,0.0,0.0,0.0,0.0,0.0
0.0,8.470436640253688,0.0,0.0,8.845317928048846,0.0,0.0,0.0,12.126025504405456,0.0,0.0,0.0,0.0,0.0,0.0,12.74130286562505,0.0,11.10851814378166,13.34410127297857,0.0,0.0,0.0,0.0,0.0,0.0,0.0,12.877225777139268,0.0,0.0,0.0,0.0,0.0,0.0,0.0,12.903628772788707,0.0,0.0,0.0,0.0,0.0,0.0,0.0,12.990110439987266,0.0,12.81192623051431,0.0,13.550122016531754,0.0,0.0,0.0,0.0,11.580070418158405,0.0,8.176075895627996,0.0,0.0,8.515507064388094,11.98414562525512,0.0,0.0,0.0,0.0,0.0,0.0,0.0,0.0,0.0,0.0,10.587457300198317,12.301597273526452,0.0,0.0,11.924702285864509,0.0,0.0,0.0,0.0,0.0,0.0,0.0,0.0,0.0,0.0,0.0,0.0,0.0,0.0,0.0,0.0,0.0,11.101480406201905,13.30012720391773,0.0,0.0,0.0,0.0,0.0,0.0,0.0,0.0
0.0,10.360249994200831,0.0,11.067843730655582,7.205900137266301,0.0,0.0,11.1058171033593,10.904628768617076,0.0,0.0,0.0,0.0,13.544980714001271,0.0,0.0,0.0,12.580030334836088,0.0,0.0,13.092118476092717,0.0,0.0,0.0,0.0,0.0,13.568000566552126,0.0,0.0,13.352131787045494,0.0,0.0,0.0,0.0,0.0,0.0,0.0,0.0,0.0,0.0,0.0,0.0,0.0,0.0,0.0,0.0,0.0,0.0,0.0,0.0,0.0,12.857389613600242,8.176075895627996,0.0,0.0,0.0,8.851782253580312,9.287762267319248,0.0,0.0,0.0,0.0,0.0,13.22789720506418,0.0,0.0,0.0,0.0,11.670321639220418,11.424073550907837,12.937077999787729,0.0,12.533977735812307,0.0,0.0,0.0,0.0,0.0,0.0,0.0,0.0,0.0,0.0,0.0,0.0,0.0,0.0,0.0,0.0,0.0,12.37061374871332,0.0,0.0,0.0,0.0,0.0,0.0,0.0,0.0,0.0
0.0,0.0,9.1923790428105,0.0,0.0,6.226902846528925,0.0,0.0,11.304484963752516,0.0,0.0,0.0,0.0,0.0,0.0,0.0,0.0,0.0,0.0,0.0,0.0,0.0,0.0,10.869419616564173,0.0,11.264308060704796,9.956230334690478,9.688612293847072,0.0,0.0,0.0,0.0,0.0,0.0,9.801653387768242,9.094369632044108,9.437289687948992,0.0,0.0,0.0,0.0,11.40486991790321,0.0,0.0,0.0,0.0,0.0,0.0,10.31473781834945,0.0,0.0,11.230688197832588,0.0,0.0,0.0,9.64304494807899,0.0,0.0,0.0,0.0,0.0,0.0,0.0,0.0,0.0,0.0,0.0,0.0,0.0,0.0,0.0,10.57319254117973,0.0,0.0,0.0,0.0,0.0,0.0,0.0,0.0,0.0,0.0,0.0,0.0,0.0,10.3250661193779,10.91752588047348,0.0,10.06868822131329,0.0,0.0,0.0,0.0,11.081571100130278,10.921011364891545,0.0,0.0,0.0,0.0,0.0
0.0,0.0,6.701197456370201,0.0,0.0,9.049527279121724,0.0,0.0,8.932338798854506,0.0,0.0,11.658235260798495,0.0,0.0,0.0,0.0,0.0,0.0,0.0,12.392833341361364,0.0,0.0,0.0,0.0,0.0,12.318820655838714,0.0,12.457615477751933,0.0,0.0,0.0,0.0,0.0,0.0,0.0,11.694014086794288,0.0,0.0,0.0,0.0,0.0,0.0,0.0,0.0,0.0,0.0,0.0,0.0,12.228768113639116,0.0,0.0,9.685449934453278,0.0,0.0,9.64304494807899,0.0,0.0,11.023676939194711,12.257029213486849,0.0,12.362552026792796,0.0,0.0,0.0,0.0,0.0,0.0,0.0,0.0,0.0,0.0,0.0,11.818736072621425,10.978041732447688,0.0,0.0,0.0,0.0,0.0,0.0,0.0,0.0,0.0,0.0,0.0,0.0,0.0,0.0,11.40447509206446,12.099273267844074,0.0,0.0,12.149455691295028,0.0,0.0,0.0,0.0,0.0,11.04203021736336,0.0
0.0,9.334189898313356,0.0,11.223619226565935,10.860942870502209,0.0,0.0,8.808563799616966,9.963497024463154,0.0,0.0,0.0,0.0,11.381405179274852,11.605930164459323,11.880736486914085,0.0,10.333428849552485,0.0,0.0,11.760571380769052,0.0,0.0,0.0,0.0,0.0,0.0,0.0,0.0,0.0,0.0,0.0,0.0,0.0,0.0,0.0,0.0,0.0,0.0,0.0,0.0,0.0,0.0,0.0,0.0,0.0,0.0,0.0,0.0,0.0,0.0,9.088420404508051,8.515507064388094,8.851782253580312,0.0,0.0,0.0,7.961446111709535,0.0,0.0,0.0,0.0,0.0,11.160658062719754,11.755162414696974,12.04165223745088,0.0,0.0,10.021292296419608,9.132005767148566,0.0,0.0,10.711386417766963,0.0,0.0,0.0,0.0,0.0,0.0,0.0,0.0,0.0,0.0,0.0,0.0,0.0,0.0,0.0,0.0,0.0,0.0,0.0,0.0,0.0,0.0,0.0,0.0,0.0,0.0,0.0
0.0,11.090075233652565,10.501438107601922,11.86127654786554,10.659967462727067,0.0,0.0,9.533308967023611,6.048722943849312,0.0,0.0,0.0,0.0,11.28232726635348,0.0,0.0,0.0,11.863861631284314,0.0,0.0,0.0,0.0,0.0,0.0,0.0,0.0,0.0,0.0,0.0,0.0,0.0,0.0,0.0,0.0,0.0,0.0,0.0,0.0,0.0,0.0,0.0,0.0,0.0,0.0,0.0,0.0,0.0,0.0,0.0,0.0,0.0,9.950151141685936,11.98414562525512,9.287762267319248,0.0,11.023676939194711,7.961446111709535,0.0,0.0,0.0,0.0,0.0,0.0,11.572599889188789,12.04830412504265,12.49321150138632,0.0,0.0,11.052764975486216,9.126403487926874,12.396073548497045,0.0,11.364111879466154,0.0,0.0,0.0,0.0,0.0,0.0,0.0,0.0,0.0,0.0,0.0,0.0,0.0,0.0,0.0,0.0,0.0,0.0,0.0,0.0,0.0,0.0,0.0,0.0,0.0,0.0,0.0
0.0,0.0,12.18543687169112,0.0,0.0,0.0,0.0,0.0,12.560169913353947,10.884835324864689,8.997308236803185,10.41187792465017,0.0,0.0,0.0,0.0,0.0,0.0,0.0,0.0,0.0,0.0,0.0,12.764676196532132,9.992887185070655,10.819274723893905,0.0,0.0,0.0,0.0,0.0,0.0,0.0,0.0,0.0,13.50216989873543,0.0,0.0,0.0,0.0,0.0,12.534046416330316,0.0,0.0,0.0,0.0,0.0,0.0,0.0,0.0,0.0,13.452982868496992,0.0,0.0,0.0,12.257029213486849,0.0,0.0,0.0,12.243639695210964,10.38886967186508,0.0,0.0,0.0,0.0,0.0,0.0,0.0,0.0,0.0,0.0,0.0,0.0,12.049443693621331,11.87186223716659,10.971294553055593,0.0,0.0,0.0,0.0,0.0,0.0,0.0,0.0,0.0,0.0,0.0,0.0,0.0,0.0,12.814478058629948,10.675659218314916,12.934255367414302,0.0,0.0,0.0,0.0,0.0,0.0,0.0
0.0,0.0,0.0,0.0,0.0,0.0,0.0,0.0,0.0,11.146867004443871,13.622071048997284,12.928921789656044,13.564965468294645,0.0,0.0,0.0,11.888001087561598,0.0,14.573535741576343,0.0,0.0,0.0,0.0,13.995648234125456,12.583338269472485,0.0,0.0,0.0,0.0,0.0,0.0,0.0,0.0,0.0,0.0,0.0,0.0,14.09910219041242,0.0,0.0,0.0,14.241842448832818,0.0,0.0,0.0,0.0,0.0,0.0,0.0,0.0,0.0,0.0,0.0,0.0,0.0,0.0,0.0,0.0,12.243639695210964,0.0,9.8410518929127,13.807473434841906,12.741161786994406,0.0,0.0,0.0,0.0,12.77797150464114,0.0,0.0,0.0,0.0,0.0,12.202117026692411,12.273314100212357,11.68890975689873,0.0,0.0,0.0,0.0,0.0,0.0,0.0,0.0,0.0,0.0,0.0,0.0,0.0,14.356010742213714,0.0,0.0,13.65194711811785,0.0,0.0,0.0,0.0,0.0,0.0,0.0
0.0,0.0,12.556631995091402,0.0,0.0,12.512672514876948,0.0,0.0,0.0,10.356606416578837,0.0,6.1172002452153,11.615432615895612,0.0,0.0,0.0,9.281782807138722,0.0,0.0,0.0,0.0,0.0,0.0,10.93346527474478,11.210475590606103,11.382704575095984,0.0,11.827149820669,12.151068152747497,0.0,0.0,0.0,0.0,0.0,0.0,12.53254619048583,0.0,0.0,0.0,0.0,0.0,0.0,0.0,0.0,0.0,0.0,0.0,0.0,0.0,0.0,0.0,0.0,0.0,0.0,0.0,12.362552026792796,0.0,0.0,10.38886967186508,9.8410518929127,0.0,0.0,0.0,0.0,0.0,0.0,0.0,0.0,0.0,0.0,0.0,0.0,0.0,8.816974796234533,10.014245478008368,8.086001976723274,0.0,0.0,0.0,0.0,12.266933571387025,0.0,0.0,0.0,0.0,0.0,0.0,0.0,0.0,12.43817834629494,0.0,0.0,0.0,0.0,0.0,0.0,0.0,0.0,0.0,0.0
0.0,0.0,0.0,0.0,0.0,0.0,0.0,0.0,0.0,0.0,0.0,0.0,10.632396556227963,12.227095462178845,0.0,0.0,13.31850276757636,0.0,10.85372728472464,0.0,0.0,0.0,0.0,0.0,14.007731317702325,0.0,0.0,0.0,14.387963302234056,14.126165089930632,0.0,0.0,0.0,14.199691488769751,14.211959427016586,0.0,0.0,0.0,0.0,0.0,0.0,0.0,0.0,0.0,0.0,0.0,0.0,0.0,0.0,0.0,0.0,0.0,0.0,0.0,0.0,0.0,0.0,0.0,0.0,13.807473434841906,14.09035131067535,0.0,10.979193994190323,13.324007483679749,13.01001644796585,13.86081674813151,0.0,9.737772796636662,0.0,0.0,0.0,0.0,14.244698613531405,0.0,13.462216942448862,0.0,11.622538804663202,0.0,0.0,0.0,0.0,0.0,0.0,0.0,0.0,0.0,0.0,0.0,0.0,0.0,0.0,0.0,13.609400122043429,0.0,0.0,0.0,0.0,0.0,0.0,0.0
0.0,0.0,0.0,0.0,0.0,0.0,0.0,13.145607641047782,0.0,0.0,0.0,0.0,12.778413307948762,8.59265045562092,10.076874392616208,0.0,12.832474289529662,0.0,11.882281612033331,0.0,12.560337563078004,0.0,0.0,0.0,0.0,0.0,0.0,0.0,12.833022309087443,12.18265511126468,0.0,0.0,0.0,0.0,0.0,0.0,0.0,0.0,0.0,0.0,0.0,0.0,0.0,0.0,0.0,0.0,0.0,0.0,0.0,0.0,0.0,0.0,0.0,0.0,0.0,0.0,12.596805062090558,12.890871437450032,0.0,12.741161786994406,0.0,10.979193994190323,0.0,8.728904502202179,10.884294962002006,10.261120953343214,0.0,8.825974006192167,0.0,0.0,0.0,0.0,0.0,0.0,13.035482882392008,0.0,12.325474792157438,0.0,0.0,0.0,0.0,0.0,0.0,0.0,0.0,0.0,0.0,0.0,0.0,0.0,0.0,0.0,12.577027187584294,0.0,0.0,0.0,0.0,0.0,0.0,0.0
0.0,0.0,0.0,10.49317675064985,0.0,0.0,0.0,12.203686474531288,0.0,0.0,0.0,0.0,0.0,5.923541542078316,6.621004131264225,0.0,0.0,0.0,12.528037477921211,0.0,12.024301665176027,0.0,0.0,0.0,0.0,0.0,0.0,0.0,0.0,11.60122696359497,0.0,0.0,0.0,0.0,0.0,0.0,0.0,0.0,12.044940128128358,0.0,0.0,0.0,0.0,0.0,0.0,0.0,0.0,0.0,0.0,0.0,0.0,0.0,0.0,13.22789720506418,0.0,0.0,11.160658062719754,11.572599889188789,0.0,0.0,0.0,13.324007483679749,8.728904502202179,0.0,6.614872432507429,5.652394881071433,0.0,11.65307906957604,12.255869634263236,12.499361834302562,11.351677356303467,0.0,12.425660871916152,0.0,0.0,0.0,0.0,0.0,0.0,0.0,0.0,0.0,0.0,0.0,0.0,0.0,0.0,0.0,0.0,0.0,0.0,0.0,0.0,0.0,0.0,0.0,0.0,0.0,0.0,0.0
0.0,0.0,0.0,11.669553493880713,0.0,0.0,0.0,0.0,0.0,0.0,0.0,0.0,0.0,8.488366522229354,8.855670369277584,0.0,0.0,0.0,12.872773779279948,0.0,11.14902243472704,0.0,0.0,0.0,0.0,0.0,0.0,0.0,0.0,12.015571221141707,0.0,0.0,0.0,0.0,0.0,0.0,0.0,0.0,12.112528710360182,0.0,0.0,0.0,0.0,0.0,0.0,0.0,0.0,0.0,0.0,12.9399169505864,0.0,0.0,0.0,0.0,0.0,0.0,11.755162414696974,12.04830412504265,0.0,0.0,0.0,13.01001644796585,10.884294962002006,6.614872432507429,0.0,8.428126124630257,0.0,12.246702990081353,12.201761301146384,12.262548068246316,10.041858760484605,0.0,12.252534039155266,0.0,0.0,0.0,0.0,0.0,0.0,0.0,0.0,0.0,0.0,0.0,0.0,0.0,0.0,0.0,0.0,0.0,0.0,0.0,0.0,0.0,0.0,0.0,0.0,0.0,0.0,12.885162297734018
0.0,0.0,0.0,10.455813473357502,0.0,0.0,0.0,13.007996373736589,0.0,0.0,0.0,0.0,0.0,5.97336699779681,4.848850868401012,0.0,0.0,0.0,12.350976069427048,0.0,12.546289007153923,0.0,0.0,0.0,0.0,0.0,0.0,0.0,0.0,11.742447622444256,0.0,0.0,0.0,0.0,0.0,0.0,0.0,13.850830970284278,11.426714675190237,0.0,0.0,0.0,0.0,0.0,0.0,0.0,0.0,0.0,0.0,0.0,0.0,0.0,0.0,0.0,0.0,0.0,12.04165223745088,12.49321150138632,0.0,0.0,0.0,13.86081674813151,10.261120953343214,5.652394881071433,8.428126124630257,0.0,0.0,13.351766258510509,13.18166513117744,13.19951870218592,11.75400704944854,0.0,12.84399859044515,0.0,0.0,0.0,0.0,0.0,0.0,0.0,0.0,0.0,0.0,0.0,0.0,0.0,0.0,0.0,0.0,0.0,0.0,0.0,0.0,0.0,0.0,0.0,0.0,0.0,0.0,0.0
0.0,0.0,0.0,0.0,0.0,0.0,0.0,0.0,0.0,0.0,0.0,0.0,0.0,0.0,13.229026059320915,0.0,0.0,0.0,0.0,12.715670072218998,0.0,0.0,13.322775192289996,0.0,0.0,0.0,0.0,0.0,0.0,13.054644726848592,0.0,0.0,0.0,0.0,0.0,0.0,0.0,0.0,12.378901237636493,11.008571663684153,11.82168980562627,0.0,0.0,12.355503744715,0.0,13.304303995378548,12.098105988230916,0.0,0.0,10.934458834609018,0.0,0.0,0.0,0.0,0.0,12.698906027759431,0.0,0.0,0.0,0.0,0.0,0.0,0.0,13.404429276415232,0.0,0.0,0.0,0.0,0.0,0.0,11.21989336181042,0.0,11.86215525183674,0.0,0.0,0.0,0.0,0.0,0.0,0.0,0.0,0.0,0.0,0.0,0.0,0.0,0.0,0.0,0.0,12.6243720705051,0.0,0.0,11.217055933980726,0.0,0.0,10.937936999657133,0.0,0.0,10.080748215479243,9.837056464064252
0.0,0.0,0.0,0.0,0.0,0.0,0.0,0.0,0.0,0.0,0.0,12.882042571515836,13.03569818105412,12.450067075084,0.0,0.0,11.014885349713676,0.0,9.28657560032064,0.0,11.989953073817098,0.0,0.0,0.0,12.742849958611236,0.0,0.0,0.0,12.75386518889248,0.0,0.0,0.0,0.0,0.0,0.0,0.0,0.0,0.0,0.0,0.0,0.0,0.0,0.0,0.0,0.0,0.0,0.0,0.0,0.0,0.0,0.0,0.0,0.0,0.0,0.0,0.0,13.168021723375505,0.0,0.0,12.77797150464114,13.046886234741278,9.737772796636662,8.825974006192167,11.65307906957604,12.246702990081353,0.0,0.0,0.0,0.0,0.0,13.026654794625715,0.0,0.0,12.734651163667587,9.470962981865696,0.0,11.192885016265208,0.0,0.0,0.0,0.0,0.0,0.0,0.0,0.0,0.0,0.0,0.0,0.0,0.0,0.0,0.0,13.090692841070853,0.0,0.0,0.0,0.0,0.0,0.0,0.0
0.0,0.0,0.0,0.0,12.927294210140673,0.0,0.0,0.0,11.23046321169157,0.0,0.0,0.0,0.0,13.027692549324549,0.0,0.0,0.0,8.17718936035823,12.019033138355663,0.0,12.20849024851336,0.0,0.0,0.0,0.0,0.0,0.0,0.0,0.0,0.0,0.0,0.0,0.0,12.303339382998836,12.466820305272234,0.0,0.0,0.0,0.0,0.0,0.0,0.0,13.151843306850203,0.0,0.0,0.0,0.0,0.0,0.0,0.0,0.0,13.084356086315228,10.587457300198317,11.670321639220418,0.0,0.0,10.021292296419608,11.052764975486216,0.0,0.0,0.0,0.0,0.0,12.255869634263236,12.201761301146384,0.0,0.0,0.0,0.0,8.647715482604898,12.624714343429549,0.0,10.967365106250965,0.0,0.0,0.0,0.0,0.0,0.0,0.0,12.183387341155658,0.0,0.0,0.0,0.0,0.0,0.0,0.0,0.0,0.0,0.0,0.0,0.0,0.0,0.0,0.0,0.0,0.0,0.0,0.0
0.0,10.548805683549483,0.0,0.0,0.0,0.0,12.005882777248145,11.74064970840177,10.12748751557225,0.0,0.0,0.0,0.0,12.363174836955736,0.0,11.405822944356576,0.0,8.391750995614983,0.0,11.891947479001589,10.499813815543844,0.0,11.307320518466636,0.0,0.0,0.0,0.0,0.0,0.0,0.0,0.0,0.0,0.0,0.0,0.0,0.0,0.0,0.0,0.0,0.0,0.0,0.0,0.0,0.0,0.0,0.0,11.432046919994956,0.0,0.0,0.0,0.0,11.46481600803851,12.301597273526452,11.424073550907837,0.0,0.0,9.132005767148566,9.126403487926874,0.0,0.0,0.0,0.0,0.0,0.0,12.262548068246316,0.0,0.0,0.0,8.647715482604898,0.0,9.696990287129092,0.0,11.273145669019884,0.0,0.0,0.0,0.0,0.0,0.0,0.0,0.0,0.0,0.0,0.0,0.0,0.0,0.0,0.0,0.0,0.0,0.0,0.0,0.0,0.0,0.0,0.0,0.0,0.0,0.0,0.0
0.0,0.0,0.0,12.740452101215489,0.0,0.0,11.959331745803093,0.0,0.0,0.0,0.0,0.0,0.0,11.35988462374664,11.2472335574641,0.0,0.0,12.568590963189516,0.0,10.213595206488543,8.56599334900881,0.0,12.133001262836116,0.0,0.0,0.0,0.0,0.0,0.0,10.722505084497993,0.0,0.0,0.0,0.0,0.0,0.0,0.0,0.0,0.0,0.0,0.0,0.0,0.0,0.0,0.0,0.0,0.0,0.0,0.0,0.0,0.0,0.0,0.0,0.0,0.0,0.0,12.372104489008622,12.396073548497045,0.0,0.0,0.0,0.0,0.0,11.351677356303467,10.041858760484605,11.75400704944854,11.21989336181042,0.0,12.624714343429549,9.696990287129092,0.0,0.0,11.484154343362771,0.0,0.0,0.0,0.0,0.0,0.0,0.0,0.0,0.0,0.0,0.0,0.0,0.0,0.0,0.0,12.920695729362398,0.0,0.0,0.0,0.0,0.0,0.0,0.0,0.0,0.0,0.0,12.528249013812545
0.0,0.0,12.562742755904102,0.0,0.0,11.672270752007815,0.0,0.0,0.0,0.0,0.0,0.0,0.0,0.0,0.0,0.0,0.0,0.0,0.0,0.0,0.0,0.0,0.0,11.488115262264834,0.0,0.0,0.0,9.6127132636377,0.0,0.0,0.0,0.0,0.0,0.0,12.765511513927963,12.69779815363048,11.93805823479356,0.0,0.0,0.0,0.0,12.037569833188652,0.0,0.0,0.0,0.0,0.0,0.0,0.0,0.0,0.0,0.0,0.0,0.0,10.57319254117973,0.0,0.0,0.0,0.0,0.0,0.0,0.0,0.0,0.0,0.0,0.0,0.0,0.0,0.0,0.0,0.0,0.0,0.0,12.304637664023913,0.0,12.107899517180964,0.0,0.0,0.0,0.0,11.082328497175109,12.804173964121969,0.0,12.757579855839277,0.0,8.791623215853972,12.43529929032201,12.651567100184394,0.0,11.003763748713157,0.0,0.0,0.0,12.228246775726523,9.526573067687652,0.0,0.0,0.0,0.0,0.0
0.0,12.347101652029483,0.0,0.0,0.0,0.0,0.0,0.0,11.644155438813936,0.0,0.0,0.0,12.192701006169932,11.698184267489802,11.163902811085327,0.0,0.0,12.35731076942449,0.0,0.0,12.471241177097392,0.0,10.515392779636448,0.0,0.0,0.0,0.0,0.0,0.0,11.036793188761118,0.0,0.0,0.0,0.0,0.0,0.0,0.0,0.0,0.0,0.0,0.0,0.0,0.0,0.0,0.0,0.0,0.0,0.0,0.0,0.0,0.0,10.80876637795823,11.924702285864509,0.0,0.0,11.818736072621425,10.711386417766963,11.364111879466154,0.0,0.0,0.0,0.0,0.0,12.425660871916152,12.252534039155266,0.0,11.86215525183674,0.0,10.967365106250965,11.273145669019884,11.484154343362771,0.0,0.0,0.0,0.0,0.0,0.0,0.0,0.0,0.0,0.0,0.0,0.0,0.0,0.0,0.0,0.0,0.0,0.0,0.0,0.0,0.0,0.0,0.0,0.0,0.0,0.0,0.0,0.0,0.0
0.0,0.0,10.92701834943042,0.0,0.0,0.0,0.0,0.0,0.0,9.840071217026312,0.0,8.638691971884779,0.0,0.0,0.0,0.0,11.036770517240695,0.0,0.0,0.0,0.0,0.0,0.0,8.987455207052262,11.831482669621002,0.0,0.0,11.335209763801322,10.407864774992438,0.0,0.0,0.0,0.0,0.0,0.0,0.0,12.145380140125948,0.0,0.0,0.0,0.0,0.0,0.0,0.0,0.0,0.0,0.0,0.0,0.0,0.0,0.0,11.68905646141143,0.0,0.0,0.0,10.978041732447688,0.0,0.0,12.049443693621331,12.202117026692411,8.816974796234533,0.0,0.0,0.0,0.0,0.0,0.0,0.0,0.0,0.0,0.0,0.0,0.0,0.0,8.652021176675927,10.518831935021792,0.0,0.0,0.0,0.0,10.774402944733136,0.0,0.0,0.0,11.75219162013929,0.0,0.0,0.0,0.0,9.55291497913139,0.0,0.0,0.0,0.0,12.082151766198384,0.0,0.0,0.0,0.0,0.0
0.0,0.0,0.0,0.0,0.0,0.0,0.0,0.0,0.0,12.286480501033116,0.0,8.74788157981211,0.0,0.0,0.0,0.0,10.902529126099068,12.554096631381874,12.27596374671595,0.0,0.0,0.0,0.0,9.064210103970588,10.542668029690022,11.62049250468076,0.0,0.0,12.09544615172459,0.0,0.0,0.0,0.0,11.703286027717118,0.0,12.884729013378315,0.0,0.0,0.0,0.0,0.0,0.0,0.0,0.0,0.0,0.0,0.0,0.0,0.0,0.0,0.0,0.0,0.0,0.0,0.0,0.0,0.0,0.0,11.87186223716659,12.273314100212357,10.014245478008368,0.0,0.0,0.0,0.0,0.0,0.0,9.470962981865696,0.0,0.0,0.0,0.0,0.0,8.652021176675927,0.0,10.59968184463393,0.0,0.0,0.0,0.0,8.616980545123763,0.0,0.0,12.751298604989312,0.0,0.0,0.0,0.0,0.0,0.0,0.0,0.0,0.0,0.0,12.754391332392228,0.0,0.0,0.0,0.0,0.0
0.0,0.0,0.0,0.0,0.0,11.33745301959475,0.0,0.0,0.0,11.248835112192625,0.0,7.883471755796858,0.0,0.0,0.0,0.0,0.0,0.0,0.0,0.0,0.0,0.0,0.0,10.51362629068216,7.990954209956511,9.032440162335334,0.0,10.322246749047912,0.0,0.0,0.0,0.0,0.0,0.0,0.0,0.0,0.0,0.0,0.0,0.0,0.0,11.063674885197894,0.0,0.0,0.0,0.0,0.0,0.0,0.0,0.0,0.0,0.0,0.0,0.0,0.0,0.0,0.0,0.0,10.971294553055593,11.68890975689873,8.086001976723274,0.0,0.0,0.0,0.0,0.0,0.0,0.0,0.0,0.0,0.0,12.107899517180964,0.0,10.518831935021792,10.59968184463393,0.0,0.0,0.0,0.0,0.0,10.866532252504877,0.0,0.0,0.0,12.419920275841411,0.0,0.0,0.0,0.0,11.540628340980836,0.0,12.28658608660296,0.0,11.396399339606194,9.004162415772678,0.0,0.0,0.0,0.0,0.0
0.0,0.0,0.0,0.0,0.0,12.829984317736606,0.0,0.0,0.0,0.0,0.0,13.808279973814082,0.0,0.0,0.0,0.0,0.0,0.0,13.290857828961604,0.0,13.919530178783337,0.0,0.0,13.626143100912495,0.0,0.0,0.0,0.0,10.33952065244412,0.0,0.0,0.0,0.0,13.494861559902972,0.0,13.487389296645754,13.423285625954543,0.0,0.0,0.0,0.0,0.0,0.0,0.0,0.0,0.0,0.0,0.0,13.727926360432512,0.0,0.0,13.223883780492216,0.0,0.0,0.0,13.28411191557126,13.363262441528066,13.923903897431549,0.0,0.0,0.0,11.622538804663202,12.325474792157438,0.0,13.763731913611707,0.0,0.0,11.192885016265208,0.0,0.0,0.0,0.0,0.0,0.0,13.17096706891297,0.0,0.0,0.0,0.0,0.0,0.0,0.0,0.0,0.0,0.0,0.0,0.0,0.0,0.0,0.0,0.0,0.0,13.867873996748024,0.0,0.0,0.0,0.0,0.0,0.0,0.0
0.0,0.0,12.528749659569892,13.072604395096231,0.0,0.0,13.70630898191069,11.488556913137144,13.6555681911054,0.0,0.0,13.428939918312407,0.0,0.0,0.0,0.0,0.0,0.0,0.0,13.690794354064217,0.0,0.0,11.617673093443177,0.0,0.0,0.0,0.0,12.892088583583613,0.0,9.286576233436463,0.0,0.0,0.0,0.0,0.0,0.0,0.0,0.0,0.0,0.0,0.0,0.0,0.0,0.0,0.0,0.0,0.0,12.757705586434026,0.0,0.0,0.0,0.0,0.0,0.0,0.0,13.433870144184873,0.0,12.683927126121516,0.0,0.0,0.0,0.0,0.0,0.0,0.0,0.0,0.0,0.0,0.0,0.0,0.0,0.0,13.107341724819891,13.25001748067897,0.0,0.0,0.0,0.0,0.0,0.0,0.0,0.0,13.144319509821337,12.45806390447636,11.464325914759597,0.0,0.0,11.73180371994327,0.0,0.0,0.0,0.0,0.0,0.0,0.0,0.0,0.0,13.232542970913206,0.0,0.0
0.0,0.0,0.0,0.0,0.0,15.08064063727701,0.0,0.0,0.0,0.0,15.27998374034413,0.0,0.0,0.0,0.0,0.0,0.0,0.0,0.0,0.0,0.0,0.0,0.0,0.0,15.080537671723606,0.0,15.33208995693434,0.0,0.0,0.0,11.728414945914809,0.0,0.0,0.0,0.0,13.977612715516736,14.482158291883788,0.0,0.0,0.0,0.0,13.657063475208655,0.0,13.992330928911793,0.0,0.0,0.0,0.0,14.106329594975351,0.0,0.0,0.0,0.0,0.0,15.169522565447206,0.0,0.0,0.0,15.358169468793356,15.328309123332266,14.888438679909893,0.0,0.0,0.0,0.0,0.0,0.0,0.0,0.0,0.0,0.0,0.0,0.0,0.0,0.0,0.0,0.0,0.0,0.0,0.0,0.0,0.0,14.125326493843524,0.0,0.0,0.0,14.70985680343209,0.0,14.109355064288811,0.0,0.0,14.855139407101507,0.0,13.107686070439108,0.0,0.0,0.0,0.0,15.197576870335302,0.0
12.284391154568596,0.0,14.418417420172498,0.0,13.80264177607615,12.547224118125142,0.0,0.0,0.0,13.748377460930296,14.474454289041814,0.0,0.0,0.0,0.0,0.0,0.0,0.0,0.0,0.0,0.0,0.0,0.0,0.0,10.277668529498852,13.194462957726012,0.0,0.0,0.0,0.0,0.0,6.755312506985632,0.0,0.0,0.0,0.0,0.0,0.0,0.0,0.0,0.0,13.84487477827834,0.0,0.0,0.0,0.0,0.0,0.0,0.0,0.0,10.920669983461812,0.0,0.0,0.0,14.13872042051539,0.0,0.0,0.0,13.956974646906213,0.0,0.0,0.0,0.0,0.0,0.0,0.0,0.0,0.0,0.0,0.0,0.0,0.0,0.0,0.0,14.662773647269224,13.08555702077897,0.0,0.0,0.0,0.0,0.0,0.0,0.0,14.794915385335326,0.0,14.509363766524874,0.0,0.0,0.0,0.0,14.094435290767976,10.308277911991633,0.0,0.0,13.374029891596336,0.0,0.0,0.0,0.0,0.0
0.0,0.0,0.0,0.0,0.0,11.903328250643266,0.0,0.0,0.0,0.0,0.0,9.77238445955626,0.0,0.0,0.0,0.0,0.0,11.009238113559231,0.0,0.0,0.0,0.0,0.0,9.259973833883311,11.849326154149267,10.686581434339722,11.70467194646797,11.303716931128678,0.0,0.0,0.0,0.0,0.0,8.89985852577125,10.198520682599908,11.46959454233419,0.0,0.0,0.0,0.0,0.0,0.0,0.0,0.0,0.0,0.0,0.0,0.0,0.0,0.0,0.0,0.0,0.0,0.0,11.731062700716633,0.0,0.0,0.0,0.0,0.0,0.0,0.0,0.0,0.0,0.0,0.0,0.0,0.0,0.0,0.0,0.0,11.082328497175109,0.0,10.774402944733136,8.616980545123763,10.866532252504877,0.0,0.0,0.0,0.0,0.0,0.0,0.0,10.916400131422115,0.0,10.951674314289797,0.0,0.0,0.0,10.92449175085584,0.0,0.0,0.0,0.0,10.678595005811095,0.0,0.0,0.0,0.0,0.0
0.0,0.0,0.0,0.0,0.0,12.67124886529635,0.0,0.0,0.0,0.0,0.0,0.0,0.0,0.0,0.0,0.0,0.0,0.0,0.0,0.0,0.0,0.0,0.0,0.0,0.0,0.0,0.0,11.970554404396308,0.0,0.0,0.0,0.0,0.0,0.0,0.0,0.0,0.0,0.0,0.0,0.0,0.0,0.0,0.0,11.907085873471903,0.0,12.58058782256263,0.0,0.0,0.0,0.0,0.0,0.0,0.0,0.0,12.93021454523308,0.0,0.0,0.0,0.0,0.0,0.0,0.0,0.0,0.0,0.0,0.0,0.0,0.0,0.0,0.0,0.0,12.804173964121969,0.0,0.0,0.0,0.0,0.0,0.0,0.0,0.0,0.0,0.0,12.787796282257212,13.113321612347685,0.0,9.216166547847608,11.767527475737102,12.26743353057094,12.96181412886526,10.738837403198897,0.0,0.0,13.127295373925872,0.0,11.427762041393857,12.08380734949366,12.334929678503718,11.38911083636786,12.222181121765187,13.279478070038328
0.0,0.0,0.0,0.0,0.0,0.0,0.0,0.0,13.547124602912596,0.0,0.0,0.0,12.278781846500694,0.0,0.0,0.0,0.0,0.0,0.0,13.52624975450196,0.0,0.0,0.0,0.0,0.0,0.0,0.0,13.467940637106874,0.0,13.00013740896532,0.0,0.0,0.0,0.0,0.0,0.0,0.0,12.098941793325874,0.0,0.0,0.0,0.0,0.0,0.0,0.0,0.0,0.0,0.0,0.0,0.0,0.0,0.0,0.0,0.0,0.0,13.331283679703064,0.0,0.0,0.0,0.0,0.0,0.0,0.0,0.0,13.424641492758752,0.0,0.0,0.0,0.0,0.0,13.218369618411682,0.0,13.328125426942089,0.0,0.0,0.0,0.0,13.144319509821337,0.0,0.0,0.0,12.787796282257212,0.0,11.296350735741605,13.522975501956502,0.0,13.276310144961943,0.0,13.157527146539048,0.0,0.0,0.0,13.389941729395195,0.0,0.0,12.264029492239432,0.0,0.0,13.149519322735804,13.143690301627087
0.0,0.0,0.0,0.0,0.0,0.0,0.0,0.0,0.0,0.0,0.0,0.0,0.0,0.0,0.0,0.0,0.0,0.0,0.0,0.0,0.0,0.0,0.0,12.55544113105532,0.0,0.0,0.0,12.07135083620493,11.37884332413572,0.0,0.0,0.0,0.0,12.179521490873473,12.337976912623468,12.48336940952869,11.805931192701577,0.0,0.0,0.0,0.0,0.0,0.0,0.0,0.0,0.0,0.0,0.0,0.0,0.0,0.0,0.0,0.0,0.0,0.0,0.0,0.0,0.0,0.0,0.0,0.0,0.0,0.0,0.0,0.0,0.0,0.0,0.0,0.0,0.0,0.0,12.757579855839277,0.0,12.29845878079806,12.751298604989312,0.0,0.0,12.45806390447636,0.0,0.0,10.916400131422115,0.0,11.296350735741605,0.0,9.304269524414575,10.441208905024183,12.100690114969163,10.438475804470816,12.600484750270551,11.685289572740682,0.0,0.0,0.0,0.0,12.231980214451648,0.0,0.0,0.0,0.0,0.0
0.0,0.0,0.0,0.0,0.0,0.0,0.0,0.0,0.0,0.0,0.0,0.0,0.0,0.0,0.0,0.0,0.0,0.0,0.0,0.0,0.0,0.0,0.0,12.683699055621735,0.0,13.022590774880648,11.967737759675286,9.99695575422541,11.897506168311756,0.0,0.0,0.0,0.0,0.0,0.0,0.0,11.345158538870583,0.0,0.0,0.0,0.0,0.0,0.0,0.0,0.0,0.0,0.0,13.037330662717224,0.0,0.0,0.0,0.0,0.0,0.0,12.857930218433832,0.0,0.0,0.0,0.0,0.0,0.0,0.0,0.0,0.0,0.0,0.0,0.0,0.0,0.0,0.0,0.0,0.0,0.0,11.75219162013929,0.0,12.419920275841411,0.0,11.464325914759597,0.0,0.0,0.0,0.0,0.0,9.304269524414575,0.0,11.035845264498128,11.81917906008774,8.31620387412456,12.383718700802886,11.530190341439214,0.0,0.0,0.0,0.0,10.345326546627277,0.0,12.121174096348955,11.932613246697542,0.0,0.0
0.0,0.0,11.712719041120751,0.0,0.0,11.108840103023336,0.0,0.0,0.0,0.0,0.0,0.0,0.0,0.0,0.0,0.0,0.0,0.0,0.0,0.0,0.0,0.0,0.0,0.0,0.0,0.0,12.148898984257354,9.466755440696952,0.0,0.0,0.0,0.0,0.0,0.0,0.0,0.0,10.67730924327644,0.0,0.0,0.0,0.0,0.0,0.0,0.0,0.0,0.0,0.0,0.0,12.449605385786086,0.0,0.0,0.0,0.0,0.0,10.3250661193779,0.0,0.0,0.0,0.0,0.0,0.0,0.0,0.0,0.0,0.0,0.0,0.0,0.0,0.0,0.0,0.0,8.791623215853972,0.0,0.0,0.0,0.0,0.0,0.0,0.0,0.0,10.951674314289797,9.216166547847608,0.0,10.441208905024183,11.035845264498128,0.0,10.711629640400387,9.578766562483697,0.0,10.67305295014794,0.0,0.0,0.0,11.963358285891356,9.309603447192396,0.0,12.149743710195937,10.441430183929343,12.168598234352404,0.0
0.0,0.0,0.0,0.0,0.0,11.8914217733051,0.0,0.0,0.0,0.0,0.0,0.0,0.0,0.0,0.0,0.0,0.0,0.0,0.0,12.613104020135996,0.0,0.0,0.0,0.0,0.0,0.0,0.0,9.698343252869591,12.04260575901609,0.0,0.0,0.0,0.0,0.0,0.0,8.660671414927004,6.605681322024124,0.0,0.0,0.0,0.0,0.0,0.0,0.0,0.0,0.0,0.0,0.0,10.024134411027044,0.0,0.0,0.0,0.0,0.0,10.91752588047348,12.501076411921808,0.0,0.0,0.0,0.0,0.0,0.0,0.0,0.0,0.0,0.0,0.0,0.0,0.0,0.0,0.0,12.43529929032201,0.0,0.0,0.0,0.0,0.0,0.0,0.0,0.0,0.0,11.767527475737102,0.0,12.100690114969163,11.81917906008774,10.711629640400387,0.0,11.09372822289482,8.193387789215691,10.450217139139184,0.0,0.0,0.0,0.0,12.678327305549608,0.0,0.0,12.46484804651044,9.01208737564591,0.0
0.0,0.0,0.0,0.0,0.0,12.877528158968907,0.0,0.0,0.0,0.0,0.0,0.0,0.0,0.0,0.0,0.0,0.0,0.0,0.0,0.0,0.0,0.0,0.0,0.0,0.0,0.0,0.0,7.595273927028645,0.0,0.0,0.0,0.0,0.0,0.0,0.0,13.110555164265502,11.310454967517408,0.0,0.0,0.0,0.0,0.0,0.0,0.0,0.0,0.0,0.0,12.287840508746346,0.0,0.0,0.0,0.0,0.0,0.0,13.242241149448468,0.0,0.0,0.0,0.0,0.0,0.0,0.0,0.0,0.0,0.0,0.0,0.0,0.0,0.0,0.0,0.0,12.651567100184394,0.0,0.0,0.0,12.428447119655951,0.0,11.73180371994327,0.0,0.0,12.878871865574313,12.26743353057094,0.0,10.438475804470816,8.31620387412456,9.578766562483697,11.09372822289482,0.0,0.0,10.83164247556527,0.0,0.0,0.0,0.0,10.411609576652063,13.121611048822146,11.302366513062209,9.693427285451673,0.0,0.0
0.0,0.0,12.429925777307202,0.0,0.0,11.306434198908006,0.0,0.0,0.0,0.0,0.0,0.0,0.0,0.0,0.0,0.0,0.0,0.0,0.0,9.616364602613432,0.0,0.0,0.0,0.0,0.0,0.0,11.915789899618876,11.691839145785009,11.36964104537045,0.0,0.0,0.0,0.0,0.0,12.570923857435869,6.672488532660539,8.9097053916129,0.0,0.0,0.0,0.0,0.0,0.0,0.0,0.0,0.0,0.0,0.0,9.349753598262064,0.0,0.0,0.0,0.0,0.0,10.06868822131329,11.40447509206446,0.0,0.0,0.0,0.0,0.0,0.0,0.0,0.0,0.0,0.0,0.0,0.0,0.0,12.721452740707583,0.0,0.0,0.0,12.697363574543989,0.0,0.0,0.0,0.0,0.0,0.0,0.0,0.0,0.0,12.600484750270551,12.383718700802886,12.618628005676726,8.193387789215691,0.0,0.0,11.098290039701425,0.0,0.0,0.0,0.0,0.0,0.0,0.0,0.0,9.921294277873956,0.0
0.0,0.0,11.629079477809771,0.0,0.0,0.0,0.0,0.0,0.0,0.0,0.0,0.0,0.0,0.0,0.0,0.0,0.0,0.0,0.0,11.196866909551394,0.0,0.0,0.0,0.0,0.0,0.0,0.0,9.745922966273556,0.0,0.0,0.0,0.0,0.0,0.0,0.0,11.929712621644036,11.598686964695505,0.0,0.0,0.0,0.0,0.0,0.0,0.0,0.0,0.0,0.0,0.0,0.0,0.0,0.0,0.0,0.0,0.0,12.108727338418133,12.099273267844074,0.0,0.0,0.0,0.0,0.0,0.0,0.0,0.0,0.0,0.0,0.0,0.0,0.0,0.0,0.0,11.003763748713157,0.0,9.55291497913139,0.0,11.540628340980836,0.0,0.0,0.0,0.0,10.92449175085584,10.738837403198897,0.0,11.685289572740682,11.530190341439214,10.67305295014794,10.450217139139184,10.83164247556527,11.098290039701425,0.0,0.0,0.0,0.0,0.0,9.42171211077244,0.0,0.0,0.0,11.655258931791376,0.0
0.0,0.0,0.0,0.0,10.090019523588037,0.0,0.0,0.0,13.51203087884882,0.0,0.0,0.0,0.0,0.0,0.0,0.0,0.0,0.0,0.0,0.0,0.0,0.0,0.0,0.0,0.0,13.276029958340503,0.0,0.0,0.0,0.0,0.0,0.0,0.0,0.0,13.764709222022068,0.0,0.0,0.0,0.0,0.0,0.0,13.828409549416762,12.555168626148742,13.209663262774532,11.056559346773009,0.0,0.0,0.0,0.0,0.0,13.382013905342106,13.819375857963191,11.101480406201905,12.37061374871332,13.117751806125916,13.204486867680634,13.666277754395365,0.0,12.814478058629948,0.0,0.0,0.0,0.0,0.0,0.0,0.0,0.0,0.0,0.0,0.0,0.0,13.397685451259608,0.0,0.0,0.0,0.0,0.0,0.0,0.0,0.0,0.0,0.0,0.0,0.0,0.0,13.20606408683304,0.0,0.0,0.0,0.0,0.0,9.575232746182946,13.914620215429885,0.0,0.0,0.0,0.0,0.0,0.0,0.0
0.0,0.0,12.808215229848678,0.0,12.189988713013635,12.079426021750155,0.0,0.0,0.0,0.0,0.0,0.0,0.0,0.0,0.0,0.0,0.0,0.0,0.0,0.0,0.0,0.0,0.0,0.0,9.482104050147605,10.96055056239753,0.0,0.0,0.0,0.0,0.0,0.0,0.0,0.0,12.747264603177005,0.0,0.0,0.0,0.0,0.0,0.0,10.8306729675673,12.540038795133984,0.0,12.343445648340785,0.0,0.0,0.0,0.0,0.0,11.827000736511645,0.0,13.30012720391773,0.0,12.478756282184834,13.215193082147918,0.0,0.0,10.675659218314916,0.0,0.0,0.0,0.0,0.0,0.0,0.0,0.0,0.0,0.0,0.0,0.0,0.0,0.0,0.0,0.0,12.28658608660296,0.0,0.0,0.0,10.308277911991633,0.0,0.0,0.0,0.0,0.0,13.201198365892212,0.0,0.0,0.0,0.0,9.575232746182946,0.0,0.0,11.845838361548036,12.550926134960166,0.0,0.0,0.0,0.0,0.0
0.0,0.0,12.514399140161176,0.0,0.0,0.0,0.0,0.0,0.0,0.0,12.794592701203758,0.0,0.0,13.399154457634216,0.0,0.0,0.0,0.0,0.0,0.0,0.0,0.0,0.0,0.0,0.0,0.0,0.0,0.0,0.0,0.0,0.0,0.0,0.0,0.0,0.0,0.0,0.0,0.0,13.26248836158809,12.7537435980455,0.0,13.215924705603769,0.0,0.0,0.0,0.0,0.0,0.0,0.0,13.047151196568567,0.0,12.801819062713758,0.0,0.0,0.0,12.149455691295028,0.0,13.400498475831862,12.934255367414302,0.0,0.0,0.0,12.577027187584294,0.0,0.0,0.0,11.217055933980726,13.090692841070853,0.0,0.0,0.0,0.0,0.0,12.924086180899428,0.0,0.0,0.0,0.0,0.0,0.0,0.0,13.127295373925872,13.389941729395195,0.0,0.0,0.0,0.0,0.0,0.0,12.912417748784428,0.0,0.0,0.0,0.0,0.0,13.239474496260994,0.0,0.0,0.0,11.855807741061897
0.0,0.0,13.04394983832858,0.0,0.0,10.600681054669248,0.0,0.0,0.0,0.0,0.0,0.0,0.0,0.0,0.0,0.0,0.0,0.0,0.0,0.0,0.0,0.0,0.0,13.074311405645686,0.0,11.701870611440253,12.310671768022624,11.3162979219666,0.0,0.0,0.0,0.0,0.0,0.0,11.886400370162107,12.238927019443842,13.159119140876715,0.0,0.0,0.0,0.0,11.56194918270619,12.86585554916093,0.0,13.051206854417496,0.0,0.0,0.0,13.200724986207089,0.0,0.0,0.0,0.0,0.0,11.081571100130278,0.0,0.0,0.0,0.0,0.0,0.0,0.0,0.0,0.0,0.0,0.0,0.0,0.0,0.0,0.0,0.0,12.228246775726523,0.0,0.0,0.0,11.396399339606194,0.0,0.0,13.107686070439108,0.0,0.0,0.0,0.0,0.0,0.0,11.963358285891356,0.0,0.0,0.0,0.0,0.0,11.845838361548036,0.0,0.0,10.503711468174227,0.0,0.0,0.0,0.0,0.0
0.0,0.0,0.0,0.0,0.0,10.674231207012731,0.0,0.0,0.0,0.0,0.0,12.48590636594351,0.0,0.0,0.0,0.0,0.0,0.0,0.0,0.0,0.0,0.0,0.0,10.272409430409542,12.319968884972836,10.898151251955172,0.0,9.27022027829491,0.0,0.0,0.0,0.0,0.0,0.0,12.424279829175072,0.0,0.0,0.0,0.0,0.0,0.0,10.923349581887432,0.0,0.0,0.0,0.0,0.0,0.0,0.0,0.0,0.0,0.0,0.0,0.0,10.921011364891545,0.0,0.0,0.0,0.0,0.0,0.0,0.0,0.0,0.0,0.0,0.0,0.0,0.0,0.0,0.0,0.0,9.526573067687652,0.0,12.082151766198384,0.0,9.004162415772678,0.0,0.0,0.0,0.0,10.678595005811095,11.427762041393857,0.0,12.231980214451648,10.345326546627277,9.309603447192396,0.0,10.411609576652063,0.0,9.42171211077244,0.0,0.0,0.0,10.503711468174227,0.0,0.0,0.0,0.0,0.0,0.0
0.0,0.0,0.0,0.0,0.0,0.0,0.0,0.0,0.0,0.0,0.0,0.0,0.0,0.0,0.0,0.0,0.0,0.0,0.0,0.0,0.0,0.0,0.0,0.0,0.0,0.0,0.0,13.325129927128051,0.0,0.0,0.0,0.0,0.0,0.0,0.0,0.0,0.0,13.841986089813386,0.0,0.0,12.542765043106904,0.0,0.0,8.282525558298888,0.0,11.27205013548836,14.160916083758938,12.378108096541071,0.0,11.805541043603064,0.0,0.0,0.0,0.0,0.0,0.0,0.0,0.0,0.0,0.0,0.0,0.0,0.0,0.0,0.0,0.0,10.937936999657133,0.0,0.0,0.0,0.0,0.0,0.0,0.0,0.0,0.0,0.0,0.0,0.0,0.0,0.0,12.08380734949366,12.264029492239432,0.0,0.0,14.072535429256954,12.943929092799047,13.121611048822146,0.0,13.42931397267828,0.0,0.0,13.239474496260994,0.0,0.0,0.0,10.082056616447533,9.84966011343766,11.166356369287447,9.728680119206402
0.0,0.0,0.0,0.0,0.0,0.0,0.0,0.0,0.0,0.0,0.0,0.0,0.0,0.0,0.0,0.0,0.0,0.0,0.0,0.0,0.0,0.0,0.0,0.0,0.0,0.0,0.0,13.41450744501358,0.0,0.0,0.0,0.0,14.345565531963114,0.0,0.0,0.0,0.0,0.0,0.0,0.0,14.36395385560855,0.0,14.533970214309646,11.953615771103664,13.649875926546532,7.053024741057331,13.306597769918396,11.41378028441886,0.0,0.0,0.0,0.0,0.0,0.0,0.0,0.0,0.0,0.0,0.0,0.0,0.0,0.0,0.0,0.0,0.0,0.0,14.47682028804782,0.0,0.0,0.0,0.0,0.0,0.0,0.0,0.0,0.0,0.0,0.0,0.0,0.0,0.0,12.334929678503718,0.0,0.0,12.121174096348954,12.149743710195937,0.0,11.302366513062209,0.0,0.0,0.0,0.0,0.0,14.572878897667248,13.935264865846587,10.082056616447536,0.0,6.7391049438022375,13.61412499903646,14.104886425315888
0.0,0.0,13.483721897841525,0.0,0.0,0.0,0.0,0.0,0.0,0.0,0.0,0.0,0.0,0.0,0.0,0.0,0.0,0.0,0.0,0.0,0.0,0.0,0.0,0.0,0.0,0.0,0.0,11.84883347120145,0.0,0.0,0.0,0.0,0.0,0.0,0.0,0.0,13.484983968115698,0.0,0.0,0.0,0.0,0.0,0.0,12.177550926109395,13.345560418264313,9.54209679301535,0.0,9.547212344144327,0.0,0.0,0.0,0.0,0.0,0.0,13.59131194618057,13.46116656544346,0.0,0.0,0.0,0.0,0.0,0.0,0.0,0.0,0.0,0.0,0.0,0.0,0.0,0.0,0.0,0.0,0.0,0.0,0.0,0.0,0.0,13.232542970913206,0.0,0.0,0.0,11.38911083636786,0.0,0.0,11.932613246697544,10.441430183929342,12.46484804651044,9.693427285451673,0.0,12.295378307881617,0.0,0.0,0.0,0.0,13.63828898256254,9.849660113437656,6.7391049438022375,0.0,11.484983147579698,0.0
0.0,0.0,0.0,0.0,0.0,0.0,0.0,0.0,0.0,0.0,0.0,0.0,0.0,0.0,0.0,0.0,0.0,0.0,0.0,12.12769889842698,0.0,0.0,0.0,0.0,0.0,0.0,0.0,12.627719164916323,0.0,0.0,0.0,0.0,0.0,0.0,0.0,12.42907635024715,10.798730658447695,0.0,0.0,0.0,12.292909734749086,0.0,0.0,11.243739748917838,0.0,0.0,0.0,12.04970278430222,8.548534761435613,11.068504250158645,0.0,0.0,0.0,0.0,12.131104303641498,11.042030217363362,0.0,0.0,0.0,0.0,0.0,0.0,0.0,0.0,0.0,0.0,10.08074821547924,0.0,0.0,0.0,0.0,0.0,0.0,0.0,0.0,0.0,0.0,0.0,0.0,0.0,0.0,12.222181121765187,0.0,0.0,0.0,12.168598234352404,9.012087375645905,0.0,9.921294277873953,11.655258931791376,0.0,0.0,0.0,0.0,0.0,11.166356369287447,0.0,11.484983147579698,0.0,9.860454413531873
0.0,0.0,0.0,0.0,0.0,0.0,0.0,0.0,0.0,0.0,0.0,0.0,0.0,13.335099974133966,0.0,0.0,0.0,0.0,0.0,0.0,0.0,0.0,0.0,0.0,0.0,0.0,0.0,0.0,0.0,0.0,0.0,0.0,0.0,0.0,0.0,0.0,0.0,11.50233674835797,11.10419007782314,11.93383564388718,9.516317029370308,0.0,0.0,11.12496558160744,0.0,12.310742228440786,12.51869043007608,12.194422170819456,0.0,5.792522124846527,0.0,0.0,0.0,0.0,0.0,0.0,0.0,0.0,0.0,0.0,0.0,0.0,0.0,0.0,12.885162297734016,0.0,9.837056464064254,0.0,0.0,0.0,12.528249013812545,0.0,0.0,0.0,0.0,0.0,0.0,0.0,0.0,0.0,0.0,13.279478070038325,13.143690301627084,0.0,0.0,0.0,13.053752530210192,0.0,13.175481576431215,0.0,0.0,0.0,11.8558077410619,0.0,0.0,9.728680119206402,0.0,0.0,9.860454413531873,0.0
