0,1,2,3,4,5,6,7,8,9,10,11,12,13,14,15,16,17,18,19,20,21,22,23,24,25,26,27,28,29,30,31,32,33,34,35,36,37,38,39,40,41,42,43,44,45,46,47,48,49,50,51,52,53,54,55,56,57,58,59,60,61,62,63,64,65,66,67,68,69,70,71,72,73,74,75,76,77,78,79,80,81,82,83,84,85,86,87,88,89,90,91,92,93,94,95,96,97,98,99
1.9657361804002944,-0.22499158659189447,-0.1469194269102881,0.0,-0.0,-0.000000000000000000e+00.1,-0.000000000000000000e+00.2,-0.000000000000000000e+00.3,0.000000000000000000e+00.1,-0.000000000000000000e+00.4,0.6124931310236633,-0.000000000000000000e+00.5,0.000000000000000000e+00.2,0.000000000000000000e+00.3,0.000000000000000000e+00.4,-0.13601060566503215,0.06511367748217627,-0.000000000000000000e+00.6,0.000000000000000000e+00.5,0.04334671283768554,0.000000000000000000e+00.6,0.038763145909472475,-0.000000000000000000e+00.7,0.000000000000000000e+00.7,-0.000000000000000000e+00.8,0.14294216703021673,0.000000000000000000e+00.8,0.0971323753613394,0.000000000000000000e+00.9,-0.000000000000000000e+00.9,0.026596855730144052,-0.4616238119893568,0.000000000000000000e+00.10,-0.000000000000000000e+00.10,-0.000000000000000000e+00.11,-0.000000000000000000e+00.12,0.000000000000000000e+00.11,-0.005005773956953652,-0.09657293952498845,-0.109252780714228,-0.000000000000000000e+00.13,-0.000000000000000000e+00.14,-0.08279875701397134,0.000000000000000000e+00.12,0.000000000000000000e+00.13,0.000000000000000000e+00.14,-0.000000000000000000e+00.15,0.000000000000000000e+00.15,-0.000000000000000000e+00.16,0.000000000000000000e+00.16,-0.02343670839727229,-0.05261400791961511,-0.000000000000000000e+00.17,-0.000000000000000000e+00.18,-0.000000000000000000e+00.19,0.000000000000000000e+00.17,-0.1948968961339532,-0.000000000000000000e+00.20,-0.000000000000000000e+00.21,0.000000000000000000e+00.18,-0.10501772375467348,-0.000000000000000000e+00.22,-0.000000000000000000e+00.23,-0.000000000000000000e+00.24,0.000000000000000000e+00.19,0.06966564437135096,-0.000000000000000000e+00.25,-0.000000000000000000e+00.26,0.000000000000000000e+00.20,-0.000000000000000000e+00.27,0.15064505274876025,-0.000000000000000000e+00.28,-0.000000000000000000e+00.29,-0.17128934665924644,0.0028080747145193827,-0.000000000000000000e+00.30,0.000000000000000000e+00.21,0.000000000000000000e+00.22,0.000000000000000000e+00.23,-0.06417541330395858,-0.000000000000000000e+00.31,-0.00239239279639354,-0.0472023873754194,-0.000000000000000000e+00.32,-0.000000000000000000e+00.33,0.000000000000000000e+00.24,-0.000000000000000000e+00.34,0.000000000000000000e+00.25,-0.000000000000000000e+00.35,-0.06624415806929813,0.000000000000000000e+00.26,-0.000000000000000000e+00.36,0.013067702825834792,-0.09677127594597117,-0.000000000000000000e+00.37,-0.000000000000000000e+00.38,-0.000000000000000000e+00.39,-0.000000000000000000e+00.40,-0.1449234492252639,0.000000000000000000e+00.27
-0.2249915865918944,3.026084127066893,-0.0,-0.0,-0.187044721112318,-0.0,-0.17859551829890724,-0.0,-0.0,0.0,0.0,-0.0,-0.0,0.0,-0.0,-0.4561857669281889,-0.0,-0.0,-0.016393488309035916,0.0,-0.0,0.0,-0.0,0.0,0.15883821524867522,0.0,0.23844318460916636,0.0,-0.0,-0.0,0.1109437712974765,-0.0,-0.0,-0.0,0.0,-0.0,0.0,-0.0,-0.0,0.0,0.0,0.0,0.0,0.0,-0.0,0.0,0.0,0.0,0.0,0.0,-0.0,-0.4199614818724236,-0.25792193192641893,-0.12981642113614347,-1.1345940921868203,-0.0,-0.0,-0.08642367574142931,0.0,-0.0,-0.0,-0.22216121766513744,-0.043195506221280607,-0.048016619112744206,-0.0,-0.0,-0.0,-0.0,-0.0,-0.0,-0.0,-0.0,-0.0,0.0,0.0,-0.0,-0.0,0.0,-0.0,-0.0,0.0,-0.0,0.0,0.0,0.0,0.0,0.0,0.0,0.0,-0.0,0.0,0.0,-0.0,-0.0,-0.0,0.0,-0.0,0.0,-0.0,0.0
-0.1469194269102881,-0.0,2.6286554748880167,0.0,0.0,-0.4425055061864356,-0.0,-0.0,0.0,0.0,-0.0,-0.0,-0.0,0.0,0.11056578756866958,-0.0,0.0,-0.07108643160460144,-0.0,0.0,0.0,0.0,-0.0,-0.0,0.0,0.0,0.0,0.0,-0.0,0.0,0.0332457692995346,0.0,0.1718537978316106,-0.0,-0.0,0.0,0.0,0.0,0.0,0.0,-0.0,-0.0,-0.0486255827922932,0.0,0.0,-0.0,-0.04474037870604224,-0.0,-0.0,0.0,0.0,-0.816272620347321,0.0,0.0,-0.0,-0.4796788004839936,-0.0,-0.0,0.12252212163566675,0.0,-0.0240568625089973,-0.12925189983991422,-0.0,-0.0,0.0,0.0,0.0,-0.24988182632050537,-0.23536739728489053,-0.0,-0.0,-0.0,-0.0,-0.0,-0.0,-0.0,0.0,0.054006387952266574,0.026435212800202317,0.0728671839796758,-0.0,-0.0,0.0,0.0,-0.0,0.0,0.0,0.0,-0.0,-0.0,0.35274923973616745,0.0,0.0338223213057474,-0.0,-0.0,-0.0,-0.0,0.0,-0.0,0.0
0.0,-0.0,0.0,1.987026543857352,-0.4983962485497181,0.0,-0.0027592616453577575,-0.28087818127802405,-0.0,-0.0,-0.0,0.0,-0.17916044007376877,-0.0,-0.0,-0.0673735428984402,-0.0,0.059819835157712525,-0.0007804586063833522,-0.0,-0.0,-0.0,-0.0,0.15566419135609147,0.0,0.0,-0.0,0.0,-0.0,-0.0,0.0,0.0,-0.11845270958480568,0.0,0.0,0.0,0.0,-0.1448170047072268,-0.0602370617717246,-0.0,-0.0,0.0,0.0,0.0,-0.175358158987334,0.0,0.0,-0.0,0.0,-0.02480646117465874,0.0,0.0,0.0,-0.6279478329573371,0.0,-0.0,-0.0,-0.008133303390202972,0.0,-0.0,-0.0,-0.0,0.0,-0.0,0.0,-0.0,-0.0,-0.0,0.0,0.0,-0.0,0.0,0.0,0.0,0.0,0.0,-0.0,-0.0,-0.0,0.0927576114568004,0.0,0.0,0.0,0.0,0.0,0.0,0.0,0.0,0.0,0.0780563457864604,0.008191869860416364,0.19805823499407568,-0.0,0.0,0.03937035516068959,0.0,-0.0,0.0,-0.0,-0.0
-0.0,-0.187044721112318,0.0,-0.4983962485497181,2.6789369101872142,-0.0,-0.0,-0.0,-0.1776047151217457,-0.10154555461520184,-0.1246105146778557,-0.0,-0.0,-0.3209811040859492,-0.015746810931635685,-0.0,0.0,0.0,-0.0,-0.0,-0.0,0.0,0.0,0.0,0.0,0.0,-0.0,0.0187981635125147,-0.0,0.0,0.0,0.0,-0.0,0.0,0.0,-0.0,-0.0,-0.0,-0.0,-0.0,-0.0,0.0,0.0,0.0,-0.04325381666341681,0.0,-0.0,-0.0,-0.0,-0.09844075757804056,-0.0,-0.0,-0.0,-0.63904722585494,-0.36325107171289134,-0.18442761239360925,-0.0,-0.01956100920610383,-0.010350349082652996,-0.0,-0.0,-0.0,-0.0,-0.0,-0.0,-0.0,-0.2318918443801405,0.0,0.0,0.0,-0.0,-0.0,-0.0,-0.0,-0.0,0.0,-0.06895311395773014,0.0,-0.0,0.0,0.0,-0.0,-0.0,0.08447337168719386,0.0,-0.0,-0.11484202179807856,0.0,-0.015764378532300373,0.0,-0.018546018993004423,-0.0,-0.3135005027968084,-0.0,-0.0,0.0,-0.0,-0.0,-0.0,-0.09296067174741118
-0.0,-0.0,-0.4425055061864356,0.0,-0.0,2.8883376592940015,-0.06696335860815596,-0.0,-0.12638276077482713,0.0,0.0,-0.0,-0.0,0.0,0.0,-0.0,-0.0,-0.0,-0.0,0.0417258894212897,0.0,0.0,-0.0,0.0,-0.0,0.0,-0.0,0.0,0.0,0.0,-0.0,-0.0074232267680325,0.0,-0.0,-0.0,-0.0,0.0,-0.0,-0.0,0.0,-0.0,-0.0,-0.0019752677784529,-0.0,0.0,0.0,-0.0,0.0,-0.6307257410663545,0.0,0.0,-0.0,0.0,0.0,-0.8274850943047237,-0.668762308845372,-0.0,-0.07989991008135072,0.0,-0.2929743696856628,-0.0,-0.0,-0.0,-0.0,0.0,0.208629782811537,0.0,-0.0,-0.0,-0.0,0.0,-0.0,-0.0,-0.0,0.003487090431438,-0.0,0.0,0.0,0.0,-0.0,-0.0,0.0,-0.0,0.0,-0.0,0.0,0.0,-0.0,0.0,-0.0,0.0,-0.0,-0.0,-0.1473142070178752,-0.0,-0.0,-0.0,0.0,-0.125064708593093,0.0
-0.0,-0.1785955182989072,-0.0,-0.0027592616453577,-0.0,-0.06696335860815596,3.132421578707708,-0.7357518379444882,-0.0,0.0,0.017959288918827,0.0,-0.0,-0.0,-0.0,-0.4617418399459112,-0.0,-0.0341543937042534,0.0,-0.0,-0.0,0.0,-0.0,-0.0,0.0,0.0,-0.12225576247193919,-0.0,-0.0427797668511849,0.0,0.0,0.0,-0.0,-0.0,-0.0,0.0,0.0,-0.0,-0.0,-0.7964599795346631,-0.0,0.0,-0.0,-0.0,-0.0,-0.0,0.0,-0.0,-0.0,-0.0,-0.1063876362601038,-0.0173819600997585,-0.0,-0.0,-0.0,-0.0,-0.3412909163099112,-0.11428396354400358,0.0,0.0,-0.0,-0.01830890143873988,-0.0,0.0,0.0,0.0,-0.3877200221815372,-0.0,0.0,-0.0,-0.0,-0.0,-0.0,-0.0,-0.0,-0.0,-0.0,0.0,0.0,-0.0,-0.0,-0.0,-0.0,-0.0,-0.07009456582129411,0.0,0.0,-0.0,-0.0,-0.0,0.0,0.0,0.0,-0.0,0.0,-0.0,-0.0,-0.0,-0.0538832764628893,0.0
-0.0,-0.0,-0.0,-0.280878181278024,-0.0,-0.0,-0.7357518379444882,3.5791301999946508,-0.011401311095281476,0.03095755730369468,0.0,0.0,-0.0,0.0,0.0,-0.0,0.0,-0.31572743586869634,-0.0,0.0,0.0,-0.0,-0.0,0.0,0.21992089457714684,-0.0,-0.0,-0.0,-0.0,0.0,0.2410562474718598,0.0,0.06170602835040252,-0.0,-0.0,-0.0,0.0,0.0939092161912995,0.0,-0.0,-0.0,0.0,-0.0,0.0,-0.0,0.0,0.0,0.0,-0.0,0.0,0.0,-0.0,0.08275759249590414,0.0,-0.0,-0.17615373069547408,-0.2120687866089655,-1.6553486480100967,0.0,-0.0,-0.0,-0.18349058572897775,-0.0,0.0,0.0,0.0,0.0,0.0,0.0,-0.0,-0.0,-0.0,0.0,0.0,-0.0,-0.0,-0.0,0.0,0.004734587978668776,0.0213619948281321,-0.0,0.0,-0.1475555245528018,0.0,-0.0,0.0,-0.0,-0.0,-0.0,0.0,0.0,0.0,0.0,-0.0,-0.0,0.0,-0.0,0.0,-0.0310793817439116,0.0
0.0,-0.0,0.0,-0.0,-0.1776047151217457,-0.12638276077482713,-0.0,-0.011401311095281476,2.7239098724775306,-0.0,0.0,-0.0,-0.0,0.0,0.0,0.0,0.0,-0.0,-0.0,0.0,0.0,0.0233008417575348,0.24841166046412833,0.06376217189229906,0.0,-0.0459208087697354,0.0,-0.0,0.0,-0.0,0.0,0.0,0.04209143947692568,0.0,0.05037875178379124,-0.35614242860599116,0.0,0.0,-0.0,-0.0,0.0,0.05566867802559654,0.0,-0.0,-0.0,0.0,0.0,0.11304348302595744,-0.0,0.0,-0.0,-0.0,0.0,-0.0,-0.35154154556847594,-0.0,-0.0,-1.5270432526109727,-0.0,-0.22110303998231823,-0.0,-0.0,-0.0,0.0,-0.0,0.0,0.0,0.0,0.11902576022549954,0.0,-0.0,0.0,0.0,0.0,-0.0,-0.0,-0.0,-0.0,0.0,0.0,0.0,0.0,-0.0,0.0,-0.07051860587102123,0.0,0.0,-0.2058062096594735,-0.0,-0.0,-0.0,-0.0,-0.0046033561362998,-0.0,-0.04305541152106951,-0.0,-0.0,0.0,-0.0,0.0
-0.0,0.0,0.0,-0.0,-0.1015455546152018,0.0,0.0,0.03095755730369468,-0.0,2.348744976976145,-0.3443957066527471,-0.42070219609713394,-0.0707197196967056,-0.0,-0.1077211192967698,-0.0,-0.0,0.0,0.0,0.0,-0.0,-0.0,0.0,0.0,-0.5312203035302258,0.0,0.0,-0.0,0.0,-0.0,-0.290054138180841,-0.0,-0.08060007913994599,0.0,0.0,0.0,-0.04572660706927239,-0.103315377767174,-0.1255783745081384,-0.0,0.0,-0.13928427425576295,-0.0,-0.0,-0.0,0.0,0.0,0.0,-0.0,-0.0,0.0,0.0,-0.0,0.0,-0.0,0.2212995876607452,0.0,0.07025595330849069,-0.37319781335066393,-0.4092002899962764,-0.0396050952569507,0.0,-0.0,-0.0,-0.0,-0.0,0.0,-0.0,-0.0,0.1553354539589454,0.0,-0.0,0.0,-0.0906984386747272,-0.0,-0.14726113488097703,-0.0,-0.05213852186609426,-0.0,0.0,-0.0,0.1353091889001273,0.0,0.0,-0.0,0.0,-0.0,-0.11260730183672187,-0.0,0.0,-0.0,-0.0,-0.0780784346056727,-0.0,-0.0,-0.0,0.0,0.0,0.0,-0.0
0.6124931310236633,0.0,-0.0,-0.0,-0.1246105146778557,0.0,0.017959288918827056,0.0,0.0,-0.3443957066527471,1.776852479717681,-0.29358245478472766,-0.008827486902551486,-0.15125889100180487,-0.0,0.0808281791268099,-0.0,0.0,-0.0648959342897037,0.0,-0.0,-0.0,0.06370092628591228,-0.0,-0.0,-0.1497816380377625,-0.0,-0.0,-0.0,0.0,-0.0,0.0,0.0,0.0,-0.0,0.0,-0.08217764201581639,0.0,0.0,0.0847295221444865,0.0,-0.0,0.0,-0.0,-0.0,0.0,0.0,0.0,0.0,-0.0,0.0,0.0,0.0,0.0,-0.0,-0.0,0.0,0.0,-0.0,-0.16241231638185447,0.0,-0.0,0.0,-0.0,-0.0,-0.0,0.0,-0.0,-0.017744329769847668,0.0,-0.0,0.0,0.0,0.0,-0.0,-0.0,-0.19181745969308475,0.0,-0.044119501193095614,0.1697892766294764,-0.0,0.0,0.0372960908773725,0.26081766780863613,0.0,0.09705950336602143,-0.0,0.0,-0.0,0.0,-0.0,-0.024712102096822713,-0.0,-0.0,0.0,0.0,0.0,0.0,0.004729218962555,-0.0581164969535966
-0.0,-0.0,-0.0,0.0,-0.0,-0.0,0.0,0.0,-0.0,-0.42070219609713394,-0.2935824547847276,2.0428930271109733,-0.1438252489393257,-0.0,-0.0716022890042111,0.0,-0.1011775744298288,-0.010587841190101387,-0.0,-0.0,-0.0,-0.0,0.0,-0.11227674018245327,-0.0,-0.145014605268517,0.0,0.0,0.0,0.0,-0.0,0.0,-0.0,-0.0,-0.0,-0.3661941345077436,-0.0650596634132677,0.0115814478154135,0.0,0.0,-0.0,-0.6572519199699282,-0.0,-0.0,-0.0,0.08183263508348909,0.0,0.0,-0.0,-0.0,0.0934366666442182,0.0,-0.0,0.025465343475503072,-0.01195258862682156,-0.09892662459250785,0.0,0.0,0.0,-0.23003208282957188,-0.0237286320896135,-0.030215867755648617,-0.1124071658211742,-0.12150482859918228,-0.0,-0.0,0.17126755077953207,-0.0,-0.08176541316101671,0.0,-0.0,-0.0,-0.0,-0.0,-0.0,-0.13845001314930358,0.0,-0.0,-0.0,0.0,-0.0,0.0,0.0,0.0,0.02611770851153053,-0.0,-0.0,-0.011548498553010229,-0.0,-0.0,-0.1259574963525092,0.0,0.0,-0.0,-0.0,-0.0,0.181820245310292,0.0,-0.0,-0.0
0.0,-0.0,-0.0,-0.1791604400737687,-0.0,-0.0,-0.0,-0.0,-0.0,-0.0707197196967056,-0.0088274869025514,-0.1438252489393257,2.8882980282799755,-0.0,-0.08606561847225375,0.0,-0.0,0.0,-0.0,-0.0,-0.0,-0.0,-0.0,0.0,0.0,0.0,-0.0,-0.0270862039836665,-0.12966273076984844,-0.0,0.0,0.0,-0.0,-0.0,-0.0,-0.0,-0.07140397386751111,-0.0,-0.3123594524976673,-0.0,-0.0,0.0,-0.0,-0.07738793905748918,-0.2603382864896783,-0.0,0.0,-0.0,-0.0,-0.0,0.3952186170728952,0.0,0.030884810258521044,0.0,-0.0,-0.0,-0.0,-0.0,0.0,-0.0,-0.1046497178225403,-1.3432734172089,-0.2333176695980183,-0.1399904042827796,-0.0,-0.0897713146144268,-0.0,-0.0,0.0,0.0,-0.0,0.0,0.0,0.0,-0.0,-0.0,-0.0,-0.0,0.0,0.0,0.0,0.0,0.0,-0.0,-0.0,-0.0,-0.0687201901884856,-0.0,-0.0,0.0444949680087364,0.0,0.22315413567310305,-0.0,0.0,0.0,-0.0,-0.0,-0.0,-0.0,-0.0
0.0,0.0,0.0,-0.0,-0.3209811040859492,0.0,-0.0,0.0,0.0,-0.0,-0.1512588910018048,-0.0,-0.0,2.6932377843379216,-0.6457146218730291,0.0,-0.0,0.0,-0.20492343403952223,-0.0,-0.48568739371388,-0.0,-0.0,-0.0024965152863230225,0.0,-0.0,-0.0,-0.0,-0.0,-0.0,-0.0,0.0,-0.0,0.0,0.10111154113449133,-0.0,0.0,-0.132488667292604,-0.0,-0.0,0.0,0.0,0.0849935340992364,-0.0,-0.0,-0.0,-0.0,-0.0,0.08963595208354777,-0.0,-0.0,0.0,-0.0,-0.03679732360745229,-0.0,-0.0,0.0,0.0,0.0,0.0,0.0,-0.0,-0.0,-0.1741824064692142,-0.1874983729017322,-0.0272247287762614,-0.0,-0.3077098962643149,-0.0,0.0,-0.3080308214412404,-0.0,-0.0,-0.0,-0.1032298394545312,0.0,-0.0,-0.0,-0.0,-0.1781523717570896,0.0,0.0,0.0,0.10224849476570348,-0.0,-0.0,-0.0,0.0,-0.0,-0.0,-0.10455400767831367,0.0,-0.0,0.0,-0.0,0.0,-0.2203079903950632,-0.0,0.0,-0.0
0.0,-0.0,0.1105657875686695,-0.0,-0.0157468109316356,0.0,-0.0,0.0,0.0,-0.1077211192967698,-0.0,-0.0716022890042111,-0.08606561847225375,-0.6457146218730291,3.75643726480902,0.0,-0.0,-0.0,-0.0,-0.1026544218644989,-0.4734555408080176,-0.0,-0.0,-0.0,0.0,-0.0,-0.1722766251868975,-0.0,-0.0,-0.0,0.0,0.0,0.0,0.0,0.0,-0.0,-0.0,-0.0,-0.0,-0.0,-0.0,0.0,0.0081265881082064,-0.0,-0.0,-0.0,0.0,-0.0,0.0,-0.03317588007156131,-0.0,0.0,-0.0,-0.0,-0.0,-0.0,0.0,0.0,-0.0,-0.0,0.0,-0.0,-0.0,-0.0,-0.0,-2.1231343527996134,-0.0,-0.0,-0.0,0.0,-0.0386699002508152,-0.0859731415593562,-0.0,0.0,-0.0,0.0,-0.0,-0.0,-0.0,-0.0,0.0,0.0,0.0,0.0,-0.0,-0.0,-0.0,-0.0,-0.0,-0.0,-0.12770684617571096,0.0,-0.0360103422763597,-0.0,-0.0,-0.0,-0.0,-0.0,-0.0,-0.0
-0.1360106056650321,-0.4561857669281889,-0.0,-0.0673735428984402,-0.0,-0.0,-0.4617418399459112,-0.0,0.0,-0.0,0.0808281791268099,0.0,0.0,0.0,0.0,2.465578730857292,-0.0697032655418662,-0.0,-0.0,0.0,0.0,-0.0,0.0,0.0,0.0,0.0,0.0,-0.0,0.0,-0.0,0.0,0.0,-0.43754684744706446,-0.0,-0.0,0.0,0.0,-0.0,-0.2285149808522846,-0.3457707826055617,-0.0,0.0,-0.0,0.0,-0.0,0.0,0.0,0.0,0.0,0.0,-0.0,-0.0,-0.30604487154635274,-0.02998676142512242,-0.0,0.0,-0.1083417865363069,-0.0,0.054122878615294474,-0.0,-0.0,0.0,-0.0,-0.0,-0.0,0.0,-0.0,-0.0,-0.0,-0.1851286396857224,0.0,-0.0,0.0,-0.1470699899633901,0.0,0.0,-0.0,0.0,0.0,0.15101558606071,-0.0,-0.0,-0.0,-0.1372059600566926,-0.0,0.0,0.0,-0.0,0.0,-0.0,0.02782661831689104,0.0,-0.0,0.0,-0.0,0.0,-0.0,0.0,0.0,0.2035785446682924
0.0651136774821762,-0.0,0.0,-0.0,0.0,-0.0,-0.0,0.0,0.0,-0.0,-0.0,-0.10117757442982885,-0.0,-0.0,-0.0,-0.0697032655418662,2.9286307800186524,-0.0,-0.47315705080500975,-0.0,-0.31463382339886165,-0.3765739471622587,-0.2986754144821207,-0.27013544681224083,0.0,-0.0,-0.0,-0.3466762303284367,-0.0,-0.0,-0.0,0.0,-0.03874249759750697,-0.1976282630587744,-0.18535647883105083,0.0,0.0,0.0,-0.0,-0.0,0.0,0.0,-0.0,-0.0,0.0,0.0,0.0,0.0,0.0,0.0,0.0,0.0,-0.0,-0.0,-0.0,0.0,0.0,0.057796798331532506,0.0,-0.0,0.0,0.0,-0.0,-0.0,-0.0,-0.0647882055368598,0.0,-0.3830419608953893,-0.0,0.0,-0.005812775980904,-0.23082769867296604,-0.0,-0.0,-0.0,-0.0,-0.0631687135074644,-0.040167802278769635,0.0,0.0,-0.0,0.0,0.0,-0.0,-0.0,0.0,-0.0,-0.0,0.0,0.0,-0.0,-0.0,-0.0,0.0,-0.0,0.0,0.0,0.0,0.0,0.03497788596898638
-0.0,-0.0,-0.0710864316046014,0.0598198351577125,0.0,-0.0,-0.0341543937042534,-0.31572743586869634,-0.0,0.0,0.0,-0.010587841190101387,0.0,0.0,-0.0,-0.0,-0.0,3.546760978575795,-0.0,-0.0,-0.0,-0.0,-0.0,-0.011778322238063455,0.0,-0.0551200865212223,-0.0,-0.0,-0.0,-0.0,-0.0,0.0,0.0,-0.7566498766154224,-0.0,-0.23412796987414064,0.0,0.0,0.0,-0.0,-0.0,-0.0,-0.0800839435549881,-0.0,-0.0,0.0,0.0,0.0,-0.0,0.0,-0.0,-0.0040729572502034,-0.0,0.0,-0.0,-0.0,-0.1088742887757247,-0.0,0.015240638168904745,0.0,0.0,-0.0,-0.21485914741302287,-0.0,-0.0,0.0,0.0,-0.0,-0.03501866890573445,-1.3902098268162415,-0.2013190059123105,-0.12876465793776123,-0.0210247229838004,-0.0,0.0,-0.0,-0.0,-0.0,0.0,-0.0,-0.0,-0.0,-0.0,-0.0,-0.0,0.0,0.0,-0.0,-0.0,-0.2842892826971624,-0.0,-0.0,0.2394426220391727,-0.0,-0.06349680358161276,-0.0,-0.0,0.0,-0.2886696162742864,0.0
0.0,-0.0163934883090359,-0.0,-0.0007804586063833,-0.0,-0.0,0.0,-0.0,-0.0,0.0,-0.0648959342897037,-0.0,-0.0,-0.20492343403952223,-0.0,-0.0,-0.4731570508050097,-0.0,2.499176253063576,0.0485533094406194,-0.0,-0.0360071103545447,-0.0,0.0,0.05144749329268745,-0.0,-0.0,0.0,0.0,-0.04687743620139525,0.0636306793814731,-0.0,0.0,-0.2329398739860951,-0.0,0.0,0.0,-0.0,-0.0,0.0173318740580991,-0.0,0.0,-0.0,0.0,0.0,-0.0,-0.2443074515531828,-0.0,0.0,0.0,0.0,-0.0,-0.0,-0.0,-0.10856047840713107,-0.0,-0.0,-0.0,0.0,-0.0,0.0,-0.0,0.0,-0.15571038268806658,-0.2892363088369698,-0.0,0.0,-0.6258981421183011,-0.2064477352019326,-0.0,-0.0,-0.0,0.0,-0.0,0.0,0.0,0.0,0.0,-0.0,0.0,-0.0,0.0,-0.0,0.0,0.0,0.0,0.0,0.0,-0.0,0.0,-0.0,-0.0,-0.0,0.0,-0.0,0.024532128018442095,-0.0,0.0,0.0,0.0
0.0433467128376855,0.0,0.0,-0.0,-0.0,0.041725889421289776,-0.0,0.0,0.0,0.0,0.0,-0.0,-0.0,-0.0,-0.10265442186449895,0.0,-0.0,-0.0,0.04855330944061942,3.0208881698589822,-0.21636099118518223,-0.0,-0.0,-0.0,0.09869911041089892,0.0,-0.118702621174776,0.0,-0.3634207098453984,0.0,-0.0,0.0994543790403348,-0.0,0.0,0.0,-0.6390966822526054,-0.0,-0.0,-0.0,-0.0,-0.046454255521524136,-0.0,0.0,-0.0,-0.0,-0.0,0.0,-0.0,-0.0,-0.6323265183813037,-0.0,0.0,0.0,-0.0,0.0,0.0,0.0,0.0,0.0,0.3865412447436084,0.0,0.0,-0.0,0.0,-0.0,-0.0,-0.12123531813366824,0.0,0.0,0.0,-0.4276964621180908,-0.0,-0.0,0.0,-0.0,0.1183647172903594,-0.19575358030761492,-0.0012446591449149218,-0.0,-0.0,0.0,-0.0,0.0,-0.0,0.0,-0.0,-0.0,-0.0,-0.22626657302808775,-0.0,-0.0,0.0,0.0,0.0,-0.0,-0.0,-0.0,-0.05800883475889989,-0.0,-0.0
0.0,-0.0,0.0,-0.0,-0.0,0.0,-0.0,0.0,0.0,-0.0,-0.0,-0.0,-0.0,-0.48568739371388,-0.4734555408080176,0.0,-0.3146338233988616,-0.0,-0.0,-0.2163609911851822,3.9370300901874855,0.0,-0.0,-0.07447610209139353,0.0,-0.0,-0.0,-0.0,-0.0,-0.0,-0.0,0.0,-0.0,0.0,0.0,-0.0,0.0,-0.2488761135970359,0.0,-0.0,0.0,0.0,0.0586492998435695,-0.0,0.0,0.0,0.04926742592213753,0.0,0.0,-0.0,-0.0,-0.0,-0.0,-0.04462030061522219,-0.0,-0.0,0.0,0.0,0.0,0.21596344075825372,0.0267317712625917,-0.0,-0.0,-0.0,-0.1268053422320136,-0.3329669240978009,-0.0,-0.0,0.0,0.0,-1.727358229903179,-0.0,-0.0,0.0,-0.0,-0.0,-0.19842723948409155,-0.2512175537391452,0.0,-0.0,0.0,0.139314996907505,0.1990679125803516,0.0,-0.0,-0.0,0.17919975651041983,-0.0,-0.0,-0.0,-0.0,0.0,0.0,0.0364214257718586,-0.0,0.0,-0.0,0.0,0.0,0.0
0.0387631459094724,0.0,0.0,-0.0,0.0,0.0,0.0,-0.0,0.023300841757534874,-0.0,-0.0,-0.0,-0.0,-0.0,-0.0,-0.0,-0.3765739471622587,-0.0,-0.03600711035454473,-0.0,0.0,2.635046781886953,-0.0,0.0,0.0,-0.1490585908381255,-0.0,-0.0,-0.0,-0.4053898272588637,-0.0,0.0,-0.09218587464943355,-0.3685901191225952,-0.8741910069453949,0.0,-0.0,0.0,-0.1903766419732796,0.0,-0.0,0.0,-0.0,0.0,-0.0,0.0,-0.0,-0.0,0.0,0.0,0.0769359571244307,0.0,0.0015759731735426822,0.0,0.010641649858526298,0.00667601100807571,0.0,0.10566604120844016,0.0,-0.0,0.0,0.0,-0.0,-0.0,-0.0,-0.0,0.0,-0.0,-0.0,0.0,0.0,-0.21002560805065285,-0.0,-0.0,-0.0,0.0,-0.0,-0.0,0.0,0.045119961042767,0.0,0.0,-0.0,-0.1847378576799132,0.0,-0.0,0.0,0.0,0.07138991712546339,0.3788772443398097,0.11758925924734057,0.0,-0.0,0.0,-0.0,0.04333273616239756,0.0,0.0,0.0874532956789868,0.0
-0.0,-0.0,-0.0,-0.0,0.0,-0.0,-0.0,-0.0,0.24841166046412833,0.0,0.0637009262859122,0.0,-0.0,-0.0,-0.0,0.0,-0.2986754144821207,-0.0,-0.0,-0.0,-0.0,-0.0,3.0336055576282925,-0.0,0.0,-0.0,-0.0,-0.0,-0.058905480083502215,-0.4683701493720736,-0.0,0.0,-0.0,-0.5934439008714564,-0.0,0.0,-0.0,-0.0,-0.0,-0.0,-0.0,0.0,-0.0,0.0,0.0,-0.0,-0.0,-0.4007463069046551,-0.09836660332711153,0.0,0.0,-0.0,0.0,0.0,0.0,-0.0,0.0,0.0,0.0,0.0,-0.0,-0.0,-0.0,-0.0,-0.0,-0.0,0.0,-0.34363277295422623,-0.0,-0.0,-0.0,-0.0,-0.9491519855026813,-0.1005222343727918,-0.0,-0.0,-0.0,-0.0,0.0,-0.0,-0.0,0.0,0.0,-0.0,0.0,-0.04002412663507372,-0.0,-0.0,-0.0,0.0,0.09505897941612154,0.0,0.0,0.0755002491857678,0.0,0.0,-0.0,-0.0,-0.0,0.0
0.0,0.0,-0.0,0.1556641913560914,0.0,0.0,-0.0,0.0,0.06376217189229906,0.0,-0.0,-0.11227674018245327,0.0,-0.0024965152863230225,-0.0,0.0,-0.2701354468122408,-0.011778322238063455,0.0,-0.0,-0.07447610209139353,0.0,-0.0,2.4145654526916567,-0.0,-0.0,-0.2936827304076078,-0.0,-0.0,0.0,-0.3483797974129316,0.0254514265336199,-0.0,-0.0,-0.0,0.0,0.0,0.0,0.1796300615067949,-0.1284653827542312,0.0,-0.0,-0.0,-0.0,0.05208988062737684,-0.0,0.0,-0.0,0.0,0.0,-0.0,0.0,-0.2127945132572692,0.0,-0.0,0.0,0.0,0.0,0.0,0.0,0.0,-0.0,-0.0,-0.0,-0.0,-0.0,-0.0,-0.1550306100020183,-0.0,-0.0,-0.2414647982678407,-0.0,-0.0,-0.0,-0.1704352073942057,-0.024181212669138117,-0.14193161063628376,-0.0,-0.0,-0.0,-0.7738433429305861,0.0,0.1998955187147723,-0.0,-0.0,0.0,0.0,-0.0,-0.0,-0.4236967116373634,-0.0,0.0,0.1375817132343484,-0.0,0.0,0.0,0.0,0.0,0.0,0.036424328319947366
-0.0,0.1588382152486752,0.0,0.0,0.0,-0.0,0.0,0.21992089457714684,0.0,-0.5312203035302258,-0.0,-0.0,0.0,0.0,0.0,0.0,0.0,0.0,0.05144749329268745,0.0986991104108989,0.0,0.0,0.0,-0.0,3.231943095496725,0.0,0.0,0.0,0.0,0.1229806115798265,-0.1041807864837979,-0.5837656466032273,-0.0,0.0,-0.0,0.0,0.0,-0.0,0.0,0.0,0.3939343825432168,-0.3747166216853728,-0.0,-0.0,0.0,0.0,0.0,0.0,0.0,0.0,0.0,0.0,-0.0,0.0,0.0,0.0,-0.0,0.0,-0.4235315136416936,0.0,-0.0,0.0,0.0,0.07970886802223505,0.0,0.3512895638161767,0.0,0.0,0.0,0.06368740446092992,0.0,0.0,0.0,-0.0,-0.0,-0.5634825956838668,0.0,0.0,0.0,-0.0,-0.0,0.0,0.0,0.0,-0.0,0.0,0.0,0.0,0.0,0.0,-0.0,-0.25230034494782466,0.0,-0.1693714770082608,0.0,-0.0,0.16465577380721352,0.0,0.0,-0.0
0.1429421670302167,0.0,0.0,0.0,0.0,0.0,0.0,-0.0,-0.04592080876973542,0.0,-0.1497816380377625,-0.145014605268517,0.0,-0.0,-0.0,0.0,-0.0,-0.055120086521222335,-0.0,0.0,-0.0,-0.1490585908381255,-0.0,-0.0,0.0,1.8840462952072483,0.0,-0.3028029861048039,-0.0,-0.0,-0.0,0.1305827178223614,-0.0,-0.002452760316330889,-0.0,-0.0,-0.08767733569745531,0.322984283518846,0.0,0.0,0.0,0.0,-0.0,-0.0,-0.0,0.0,-0.0,0.0,0.0,0.08140727208670691,0.0,0.0,0.0,0.1089283165416384,-0.0,-0.0,0.0,0.0,0.0,-0.0,0.0,-0.0,-0.0,0.0,-0.0,-0.0,0.0,0.0,-0.0,-0.0,-0.0,-0.4227538154113255,-0.0,-0.0,-0.0,-0.40060532760986234,-0.0,-0.0,0.0,0.0,-0.04573273545164632,0.0788589600883991,0.0,-0.03110736959817101,-0.0,-0.02096548153266369,-0.0,-0.04585124781658036,-0.0,-0.0,-0.0,-0.0,-0.0,0.0,-0.0,0.0,0.0,0.0,0.0,0.0
0.0,0.2384431846091663,0.0,-0.0,-0.0,-0.0,-0.12225576247193919,-0.0,0.0,0.0,-0.0,0.0,-0.0,-0.0,-0.1722766251868975,0.0,-0.0,-0.0,-0.0,-0.118702621174776,-0.0,-0.0,-0.0,-0.2936827304076078,0.0,0.0,2.2876571117820608,-0.049822547522294,-0.5330707326578655,-0.0,-0.0324895301502625,0.0,0.0,0.0,-0.08933094241099598,-0.0,-0.0,0.0,0.0217787360928083,-0.0346881151496193,-0.0,0.0,-0.0,-0.1600118800050276,-0.0,-0.5873058677127958,-0.0,-0.14873795878711896,-0.0,-0.0,-0.035160567557614,0.0,0.0,0.0,0.0,0.0,0.0,0.0,-0.0,0.0,0.0,-0.0,-0.0,-0.0,0.0,-0.0,-0.0,-0.0,0.0,0.0,-0.0,-0.0,-0.0,-0.0,-0.0,0.0,-0.0,-0.0,0.0,0.0,-0.0,-0.0,-0.0,-0.0,-0.30787829117884613,0.0,-0.0,-0.148379935376607,-0.0,-0.0,-0.1293560182896646,-0.0,-0.0,-0.0,0.0,-0.0,-0.0,-0.0,-0.0,-0.0
0.0971323753613394,0.0,0.0,0.0,0.0187981635125147,0.0,-0.0,-0.0,-0.0,-0.0,-0.0,0.0,-0.02708620398366654,-0.0,-0.0,-0.0,-0.3466762303284367,-0.0,0.0,0.0,-0.0,-0.0,-0.0,-0.0,0.0,-0.3028029861048039,-0.04982254752229405,2.9004494482094305,-0.007124554099008941,-0.0,-0.0140706478957707,0.0,-0.0,-0.0,-0.0,0.0,-0.0,0.0,-0.0,-0.0,0.020008619223877176,0.0,-0.0,-0.0989688458207127,-0.0,-0.0,0.0,0.0,0.0,0.1263013941329196,0.0,0.0,0.0,0.004420073914517669,0.0,0.0,0.0,0.0,0.0,-0.0,-0.0,0.0,-0.0,0.0,0.0,-0.0,0.0,-0.0,0.0,0.0,0.0,-0.0,0.0,-0.0,-0.0,-0.0,-0.0,-0.6985980540156029,0.005455263062289462,0.0,-0.0,0.0870451692904059,-0.0,-0.013729562869807964,-0.1632216360253427,0.0,-0.0,-1.417528067413837,0.0,-0.0,0.0,-0.0,-0.2067707254319517,0.0,-0.0,-0.0,-0.0,0.007857996753623475,0.0,0.0
0.0,-0.0,-0.0,-0.0,-0.0,0.0,-0.0427797668511849,-0.0,0.0,0.0,-0.0,0.0,-0.12966273076984844,-0.0,-0.0,0.0,-0.0,-0.0,0.0,-0.3634207098453984,-0.0,-0.0,-0.058905480083502215,-0.0,0.0,-0.0,-0.5330707326578655,-0.0071245540990089,3.52799883577636,-0.0,-0.0,0.1918157878414572,0.0,-0.0,-0.0,-0.0,-0.2548839171487726,0.0,0.0,-0.0,-0.0,0.0,0.0,-0.0,-0.0,-0.0,-0.0,-0.0,-0.1599373605088033,-0.0,-0.0,-0.0,-0.0,-0.0,-0.0,-0.0,-0.0,0.0,0.0,-0.0,0.0,-0.0,-0.2778318422278178,0.0,0.0,-0.0,-0.20247188658595028,-0.0,0.0,0.0,-0.0,-0.0,-0.0,-0.0223385513995721,-0.0,-0.0,-1.7017013522414628,-0.04373333203119781,0.0,0.0,-0.0,0.0,0.0,-0.0,-0.0,0.0,-0.1880876000060654,-0.0,-0.0,-0.0,0.0,0.0,-0.0,0.0,0.154013606381093,0.0,-0.0,0.0,-0.0,-0.0
-0.0,-0.0,0.0,-0.0,0.0,0.0,0.0,0.0,-0.0,-0.0,0.0,0.0,-0.0,-0.0,-0.0,-0.0,-0.0,-0.0,-0.04687743620139525,0.0,-0.0,-0.4053898272588637,-0.4683701493720736,0.0,0.1229806115798265,-0.0,-0.0,-0.0,-0.0,2.440332123956165,-0.0,-0.0,-0.0,-0.03248363127560727,0.0,0.0,0.0,-0.1083277598547212,-0.0177153746724956,0.0,0.0,0.3402531568730798,-0.0,0.0,0.0,-0.0,0.0,0.0,0.02683803154309056,0.0013407944047712128,-0.0,-0.0,0.025416743721898033,0.0,-0.0,0.006814567304918554,0.0,0.0,0.0,-0.0,0.0,0.0,-0.0,-0.2379510031015656,-0.0,-0.0,0.0,-0.2029901933337416,-0.0,0.0,-0.0,-0.11939764398629452,-0.0,-0.0,-0.0,0.0,-0.0,-0.6758113155022116,0.0,-0.048051539748667,-0.0,0.0140179622489119,-0.0,-0.04169080642172732,-0.0,-0.0,0.0014797608024673076,0.0,0.0913090735674462,0.0,0.0,-0.0,-0.0,0.090550256463367,-0.0479349111092242,0.0,-0.0,0.0,0.0,0.05727769992324552
0.026596855730144,0.1109437712974765,0.0332457692995346,0.0,0.0,-0.0,0.0,0.24105624747185983,0.0,-0.290054138180841,-0.0,-0.0,0.0,-0.0,0.0,0.0,-0.0,-0.0,0.06363067938147314,-0.0,-0.0,-0.0,-0.0,-0.3483797974129316,-0.10418078648379792,-0.0,-0.03248953015026256,-0.0140706478957707,-0.0,-0.0,1.8149189730405328,-0.0,-0.08773998436637638,-0.0,-0.0,0.0,0.0,-0.0,0.0,-0.0,0.0056803460328372765,-0.10582300622038968,-0.028018133762182,-0.30859987843175574,0.0,0.0,0.06808024655648744,0.027261051253056036,-0.0,0.0,-0.376721363981403,0.0,-0.0,0.0,0.0,0.0,0.0,0.0,0.0,-0.0,0.0189786406956188,0.004405287447359681,0.0,-0.0,0.0,0.210522694164489,0.0,-0.0,-0.0,0.0,-0.0,-0.0049197539921519646,-0.0,-0.0,0.2424186133084108,-0.0,-0.0,-0.0,-0.16346961754443104,-0.0095369307094209,-0.0,0.0469165964806048,-0.0,-0.0,-0.0,0.0,0.0,-0.0,0.0,0.0,-0.0,-0.0,0.0,-0.0,0.0,-0.321746823065345,0.0,0.0,-0.0,0.0
-0.4616238119893568,-0.0,0.0,0.0,0.0,-0.007423226768032503,0.0,0.0,0.0,-0.0,0.0,0.0,0.0,0.0,0.0,0.0,0.0,0.0,-0.0,0.0994543790403348,0.0,0.0,0.0,0.02545142653361993,-0.5837656466032273,0.1305827178223614,0.0,0.0,0.19181578784145728,-0.0,-0.0,2.7191167035526966,-0.0,-0.0,0.0,-0.0,0.0,-0.6727360401853866,-0.0,0.0,0.0,-0.0,-0.0982733051298536,0.0,0.14699744513394003,0.0,0.0,0.0,0.0,-0.0,-0.0,-0.0,0.09352489903023968,0.0,-0.0,0.00751031391562921,-0.0,0.0,-0.0,0.0,-0.0,0.0,0.0,-0.0,0.0,0.0,0.0,-0.0,0.0,0.0,0.0,-0.0,0.0,0.0,0.0,-0.0,0.41873057731641,0.0,0.0,-0.6557008668993988,0.0,0.072725394095696,-0.0,-0.0,-0.056774122691703593,0.014613739137875757,0.05942076144183133,0.0,0.0,-0.0,0.0,-0.37212141727865994,0.0114911515668535,-0.0,-0.0,-0.0,-0.0,0.0,-0.0,-0.0
0.0,-0.0,0.1718537978316106,-0.1184527095848056,-0.0,0.0,-0.0,0.06170602835040252,0.04209143947692568,-0.08060007913994599,0.0,-0.0,-0.0,-0.0,0.0,-0.4375468474470644,-0.0387424975975069,0.0,0.0,-0.0,-0.0,-0.0921858746494335,-0.0,-0.0,-0.0,-0.0,0.0,-0.0,0.0,-0.0,-0.0877399843663763,-0.0,1.9089931806327292,-0.0,-0.0,-0.0,-0.0,-0.2903303056410845,-0.2819992579411409,-0.0,-0.0,-0.0,-0.094303739963816,-0.07833660051677822,-0.3550503750760437,-0.0,0.0,-0.11728924961181972,0.0,-0.0,0.0,0.0,0.0,-0.0,0.0,0.2904890291016149,0.1858020843990891,0.0,0.0,-0.0,-0.0,0.0,-0.0,-0.14786464943321995,-0.0,0.0,0.0,0.0,0.0553792480224378,0.0,0.0,-0.0,-0.0,-0.0,0.0,0.0,0.0,-0.0,-0.02438863690865031,-0.0,-0.0,0.0,-0.0,-0.1540508502111012,0.0,-0.0,-0.0,-0.0,0.037699704222019695,0.0,-0.0,0.0,0.0,0.1318931308739656,-0.0,-0.0,-0.0,-0.0,0.0457408354564325,0.0
-0.0,-0.0,-0.0,0.0,0.0,-0.0,-0.0,-0.0,0.0,0.0,0.0,-0.0,-0.0,0.0,0.0,-0.0,-0.1976282630587744,-0.7566498766154224,-0.2329398739860951,0.0,0.0,-0.3685901191225952,-0.5934439008714564,-0.0,0.0,-0.0024527603163308,0.0,-0.0,-0.0,-0.03248363127560727,-0.0,-0.0,-0.0,3.9231549537352337,-0.36048031904905503,0.0,-0.0,0.0,-0.0,0.0,-0.2001833134956948,0.0,-0.0,0.0,-0.0,0.06615339008501075,-0.16161952970567517,0.0,-0.0,0.0,0.019509865033826,-0.0,0.0,0.0,-0.0,0.0,0.0,0.0,0.04942534989076914,-0.0,0.0,-0.0,-0.0,-0.0,0.0,0.0,0.07847432712533313,-0.0,-0.8652348401511014,-0.0,-0.0,-0.0,-0.40373486554058735,-0.0,0.0,-0.0,0.0,-0.0,-0.0,-0.0,-0.03797853269919163,-0.0,-0.0006565080036923,-0.2701616220927889,0.0,-0.0,-0.0,0.0,0.0,0.0,0.0,-0.0,0.0,0.0,-0.0,0.45287671982259,0.0,0.0,-0.0,0.2960626598151939
-0.0,0.0,-0.0,0.0,0.0,-0.0,-0.0,-0.0,0.05037875178379124,0.0,-0.0,-0.0,-0.0,0.10111154113449133,0.0,-0.0,-0.1853564788310508,-0.0,-0.0,0.0,0.0,-0.8741910069453949,-0.0,-0.0,-0.0,-0.0,-0.08933094241099598,-0.0,-0.0,0.0,-0.0,0.0,-0.0,-0.36048031904905503,2.5313069534920096,0.0,-0.0,0.0,-0.0,-0.0,-0.05299227692176671,-0.0,-0.2841437113435084,0.0,-0.0,-0.0,-0.2685944906662149,-0.0,-0.0,0.0,0.0,0.0,-0.0,0.0,0.0,-0.0,-0.0,0.0,0.0,-0.0,0.2393949429792359,0.0,0.0,0.0,0.0,0.0,0.0,-0.0,-0.0,-0.0,0.1083501781502237,-0.0,-0.0,-0.0385964142316837,0.0,-0.0,-0.0,0.1032322866922374,-0.0,0.2828098884774292,-0.16857820888198202,-0.0,-0.0827833745027744,-0.3536564246459748,-0.0,0.0,-0.2159318971074113,-0.0,0.06975522686896092,0.0,-0.0,-0.0,-0.0,-0.0,-0.11577243319233152,0.0,0.4967852789488663,0.0,-0.0,0.0
-0.0,-0.0,0.0,0.0,-0.0,-0.0,0.0,-0.0,-0.35614242860599116,0.0,0.0,-0.3661941345077436,-0.0,-0.0,-0.0,0.0,0.0,-0.23412796987414064,0.0,-0.6390966822526054,-0.0,0.0,0.0,0.0,0.0,-0.0,-0.0,0.0,-0.0,0.0,0.0,-0.0,-0.0,0.0,0.0,2.757691301393156,-0.005052561241233608,-0.0,-0.0,0.0521066534666294,-0.0,-0.0,-0.0,-0.0,-0.027538204389868568,0.0,-0.0,0.0,-0.32240384389994614,-0.13488288533170406,0.0,-0.0,0.0,-0.0,-0.0,-0.0,-0.0,-0.0,0.0,0.0,0.0,-0.0,-0.0,-0.0,-0.0,-0.0,-0.0,0.04475678242762342,0.0,0.0,-0.2046358013385237,-0.0,0.0,0.0,0.0,0.0,-0.0,-0.0,0.0,-0.0,0.0,0.0,-0.0,-0.0,-0.0,-0.0,-0.0,-0.0,-0.6803097308308204,-0.1007694740232931,-0.1871626421867982,-0.0,-0.0,-0.0,-0.31557426786512266,-0.0,-0.0,-0.0,-0.0,-0.0
0.0,0.0,0.0,0.0,-0.0,0.0,0.0,0.0,0.0,-0.04572660706927239,-0.0821776420158163,-0.0650596634132677,-0.07140397386751111,0.0,-0.0,0.0,0.0,0.0,0.0,-0.0,0.0,-0.0,-0.0,0.0,0.0,-0.0876773356974553,-0.0,-0.0,-0.2548839171487726,0.0,0.0,0.0,-0.0,-0.0,-0.0,-0.005052561241233608,3.1708557654997422,0.0200663844963897,-0.0,-0.0,-0.16693561078510483,-0.0,0.0,0.0,-0.6408961979660307,0.0,-0.0,-0.0,-0.23685099027324047,-0.0,0.3640541894523005,0.0316566690481392,0.0,0.0,0.0,0.0,0.0,0.0,-0.05112176817814169,-0.0,-0.0,-0.0,-0.0,-0.0,0.0024254955197246285,-0.0,-0.0,0.0,-0.0,0.0,0.0240569713973584,-0.0,-0.0,-0.0,-0.0,0.0,-0.0,-0.0,-0.0,-0.0,-0.0,-0.0097722957948409,-0.0,-0.0,0.0,-0.0,-1.6482245353029519,-0.0,-0.0,-0.0,-0.0,-0.0,-0.0,0.0,0.0,0.0,-0.0,-0.0,-0.0,-0.19220964511087796
-0.0050057739569536,-0.0,0.0,-0.1448170047072268,-0.0,-0.0,-0.0,0.0939092161912995,0.0,-0.103315377767174,0.0,0.011581447815413544,-0.0,-0.13248866729260408,-0.0,-0.0,0.0,0.0,-0.0,-0.0,-0.24887611359703596,0.0,-0.0,0.0,-0.0,0.322984283518846,0.0,0.0,0.0,-0.10832775985472123,-0.0,-0.6727360401853866,-0.2903303056410845,0.0,0.0,-0.0,0.020066384496389714,2.567366508088511,-0.6973261292108085,-0.0581773144231918,0.0,-0.0,-0.0,-0.0,0.0,-0.2812949162955001,0.0,-0.0,0.0,-0.0,-0.0,-0.0,0.0,-0.0,-0.0,0.0,-0.0,0.0,0.0,0.0,-0.0,-0.0,-0.0,-0.113395187400326,-0.0,-0.0,-0.011342169824827587,-0.0,0.14888472736014605,0.05397763184854886,-0.0,-0.0,0.0,-0.0,0.0,0.0,-0.0,0.0,0.0,-0.2505379995867388,0.306738444464106,0.0665039355020739,0.0,0.0,-0.0,0.1849718590652391,0.0,0.0,0.0,-0.0,0.0,-0.0,-0.0,0.0,-0.12681555720368531,-0.13021812208271263,-0.2793304758992557,0.0,-0.0,-0.0
-0.0965729395249884,-0.0,0.0,-0.0602370617717246,-0.0,-0.0,-0.0,0.0,-0.0,-0.12557837450813847,0.0,0.0,-0.31235945249766733,-0.0,-0.0,-0.2285149808522846,-0.0,0.0,-0.0,-0.0,0.0,-0.1903766419732796,-0.0,0.17963006150679492,0.0,0.0,0.021778736092808372,-0.0,0.0,-0.017715374672495662,0.0,-0.0,-0.28199925794114095,-0.0,-0.0,-0.0,-0.0,-0.6973261292108085,2.09628998041605,-0.1468675527234449,-0.28077216927626814,-0.0,-0.0306816753229245,0.00037373092805827006,-0.0,-0.0,-0.0,-0.0,0.0,-0.011537115338750284,0.0,0.0,0.0,-0.0,-0.0,0.11056259995133566,-0.0,-0.0,-0.0,-0.025897094695245756,-0.0,0.0,0.0,-0.0,-0.0,-0.0,-0.0,-0.0,0.0,-0.0,0.093273286940867,-0.0,0.0,-0.0459594381880192,-0.0,0.0,0.11525162994312006,0.0,-0.0,-0.0,-0.0,-0.0,-0.0,-0.0,0.0,0.0,-0.0,-0.0,0.0,0.0,-0.0,-0.0,-0.4360790075977389,0.0,-0.05112683342071104,0.0,-0.0,0.0,0.0,-0.0
-0.109252780714228,0.0,0.0,-0.0,-0.0,0.0,-0.7964599795346631,-0.0,-0.0,-0.0,0.0847295221444865,0.0,-0.0,-0.0,-0.0,-0.3457707826055617,-0.0,-0.0,0.0173318740580991,-0.0,-0.0,0.0,-0.0,-0.1284653827542312,0.0,0.0,-0.0346881151496193,-0.0,-0.0,0.0,-0.0,0.0,-0.0,0.0,-0.0,0.05210665346662945,-0.0,-0.0581773144231918,-0.1468675527234449,2.272914827994231,-0.0,0.03154494840655552,-0.0,-0.0,0.0,-0.0,0.0,-0.0,0.0,0.0,-0.1921121834119595,-0.0,-0.0,-0.0,-0.0,0.1805731262527097,-0.0,-0.0,-0.0,-0.0,-0.0,0.0,-0.10929697618559568,0.0,0.0,0.0,-0.0,0.0,0.0,-0.0,0.0056517663732873,-0.0,-0.0,-0.5083137995708563,-0.0,0.0,-0.1607534727916961,-0.0,-0.00933637649952962,-0.0,-0.0,-0.0,0.0,-0.0,-0.0,0.0,-0.06425726545919014,-0.0965461359189475,-0.0,-0.0,-0.0,-0.0,-0.0253391154651695,0.0,-0.0,-0.0,-0.0,-0.0,0.0,0.0
-0.0,0.0,-0.0,-0.0,-0.0,-0.0,-0.0,-0.0,0.0,0.0,0.0,-0.0,-0.0,0.0,-0.0,-0.0,0.0,-0.0,-0.0,-0.0464542555215241,0.0,-0.0,-0.0,0.0,0.3939343825432168,0.0,-0.0,0.0200086192238771,-0.0,0.0,0.0056803460328372,0.0,-0.0,-0.2001833134956948,-0.05299227692176671,-0.0,-0.16693561078510483,0.0,-0.2807721692762681,-0.0,3.988392480913425,-0.0,-0.1183444273650402,0.0,-0.16478672309625475,-0.0,-0.46414200512527615,-0.3954107571701502,-0.45192475782811786,-0.7600357039608867,0.0,0.0,0.16884767752006208,0.0,0.0,0.0,0.0,-0.0,0.0,-0.0,-0.0,-0.0,0.0,-0.0,0.0,0.0,-0.0,0.0,-0.0,-0.0,0.0,-0.0,-0.0,0.0,-0.0,0.5294402292101602,0.1267120357481329,0.0,-0.0,0.0,-0.0,-0.799695811859528,-0.6030380733113645,-0.0,0.0,-0.0,-0.0,0.0,-0.0,-0.0,0.0,0.0,0.046764390899247,-0.0,-0.0,-0.0,-0.0,-0.01344759748874674,-0.0,-0.0
-0.0,0.0,-0.0,0.0,0.0,-0.0,0.0,0.0,0.05566867802559654,-0.13928427425576295,-0.0,-0.6572519199699282,0.0,0.0,0.0,0.0,0.0,-0.0,0.0,-0.0,0.0,0.0,0.0,-0.0,-0.3747166216853728,0.0,0.0,0.0,0.0,0.3402531568730798,-0.1058230062203896,-0.0,-0.0,0.0,-0.0,-0.0,-0.0,-0.0,-0.0,0.0315449484065555,-0.0,2.5272556926560616,-0.2514831649259026,-0.1343282779205102,-0.0,0.0,0.0,0.0,-0.12730178156427763,-0.1726558853806459,0.0743902308695656,0.0,-0.0,0.04501531591159469,0.0,0.0,-0.0,0.1355764254369026,0.0,-0.0,-0.0,0.0,0.0,-0.0,0.0,0.0773794917494098,0.0,0.0,-0.0,0.0,0.0,-0.0,0.0,0.0,0.0,-0.0,0.0,0.0,-0.0,0.0,-0.0,-0.0,-0.0,0.0,0.0,0.0,-0.0,-0.0,0.0,-0.0,-0.0,0.0,0.3794233552764728,-0.848133222636833,-0.04048167379599328,-0.05144002884365293,0.1162162715883924,0.0,-0.0,-0.0
-0.0827987570139713,0.0,-0.0486255827922932,0.0,0.0,-0.001975267778452932,-0.0,-0.0,0.0,-0.0,0.0,-0.0,-0.0,0.08499353409923645,0.008126588108206444,-0.0,-0.0,-0.08008394355498814,-0.0,0.0,0.05864929984356954,-0.0,-0.0,-0.0,-0.0,-0.0,-0.0,-0.0,0.0,-0.0,-0.028018133762182,-0.0982733051298536,-0.09430373996381601,-0.0,-0.28414371134350846,-0.0,0.0,-0.0,-0.0306816753229245,-0.0,-0.11834442736504026,-0.2514831649259026,2.273097385933057,-0.39230538997203773,-0.0,-0.3509608791121749,-0.1623695222768126,-0.0,-0.0,0.0,-0.0,-0.0,0.03350873154054881,0.21156585240309916,-0.0,0.0,-0.0,0.0,0.0,-0.09360671636245331,-0.1480209070861308,-0.0,-0.0,-0.07562443002680627,-0.0,0.0,0.0,-0.0,0.0,-0.0,0.0,-0.0768512661816532,0.0,-0.0912409066033132,0.0,-0.0,0.20232599759177344,0.03371879835781682,0.0,0.0,-0.0,0.0,-0.0,-0.6047791486420238,-0.09932713176363216,0.0,0.0,-0.0,0.0,-0.0,0.02229059608632608,-0.0,0.0,-0.0,-0.13631624278649368,-0.11012753245379737,-0.0,0.0,0.0,0.0
0.0,0.0,0.0,0.0,0.0,-0.0,-0.0,0.0,-0.0,-0.0,-0.0,-0.0,-0.07738793905748918,-0.0,-0.0,0.0,-0.0,-0.0,0.0,-0.0,-0.0,0.0,0.0,-0.0,-0.0,-0.0,-0.1600118800050276,-0.0989688458207127,-0.0,0.0,-0.3085998784317557,0.0,-0.07833660051677822,0.0,0.0,-0.0,0.0,-0.0,0.0003737309280582,-0.0,0.0,-0.1343282779205102,-0.3923053899720377,4.0434378911341256,-0.0,-0.08152803355705686,0.0,0.0,-0.0,-0.0,-0.0,0.0,0.1584781362788595,0.1329307914126972,0.0,0.0,0.0,0.1028058374614912,0.1252298940410098,-0.0,-0.1087094496882446,-0.04577923082563827,-0.0,-0.0,-0.0,0.0,0.0,0.0,0.32249312737833696,0.008989590560154638,0.0,-0.0,0.0,0.0,0.0,-0.0,-0.0,-0.0,0.0181807498512313,-0.0,0.0,0.0,-0.0,-0.0,-0.2253209731718196,0.0,0.0,-0.30041086489616337,0.0,-0.0,0.0,0.0,0.0007391483222432,-0.0,-0.0,-2.507419539861191,-0.0,0.0,-0.0,-0.0
0.0,-0.0,0.0,-0.175358158987334,-0.0432538166634168,0.0,-0.0,-0.0,-0.0,-0.0,-0.0,-0.0,-0.2603382864896783,-0.0,-0.0,-0.0,0.0,-0.0,0.0,-0.0,0.0,-0.0,0.0,0.05208988062737684,0.0,-0.0,-0.0,-0.0,-0.0,0.0,0.0,0.14699744513394,-0.3550503750760437,-0.0,-0.0,-0.027538204389868568,-0.6408961979660307,0.0,-0.0,0.0,-0.16478672309625475,-0.0,-0.0,-0.0,2.526965630544136,-0.0,-0.25780924583555465,-0.061274014274901714,-0.0,-0.019680945314600337,0.0,0.3672634324175924,0.0,-0.0,0.0,0.0,0.0,-0.0,0.0,-0.0,-0.0,-0.0,-0.0,-0.0,0.0,-0.0,0.0,0.25461143057000474,0.0,-0.0,0.0161860386670838,-0.0,-0.0,0.121316769456412,-0.0,0.13260385677498204,0.0,-0.0,-0.15865815151430293,0.1917333465495808,0.0,-0.0377472996299019,-0.2554847814250617,-0.0,-0.0,-0.10408238749464296,-0.0,-0.12574283476364104,-0.0,0.0,-0.0,0.0,-0.0,0.0,0.0,-0.0,-0.1278215483300955,-0.11953634468330356,-0.0,-0.0
0.0,0.0,-0.0,0.0,0.0,0.0,-0.0,0.0,0.0,0.0,0.0,0.08183263508348909,-0.0,-0.0,-0.0,0.0,0.0,0.0,-0.0,-0.0,0.0,0.0,-0.0,-0.0,0.0,0.0,-0.5873058677127958,-0.0,-0.0,-0.0,0.0,0.0,-0.0,0.06615339008501075,-0.0,0.0,0.0,-0.2812949162955001,-0.0,-0.0,-0.0,0.0,-0.3509608791121749,-0.08152803355705686,-0.0,3.245160209566084,-0.0,-0.6739948139345443,-0.0,-0.12325657897696327,-0.0,0.0,0.0,0.0,0.0,0.0,0.0,0.0,-0.0,-0.0,-0.0,-0.0,-0.0,-0.0,-0.0,-0.0,-0.0,-0.0,0.0,0.13898590889435344,0.0,-0.0,0.0,-0.0,-0.0,0.16282740473553037,0.0,0.0,0.0,0.0,0.0,-0.0,0.0,-0.0,-0.0,0.0,-0.0,-0.0,0.0,-0.0,0.0,0.0,-0.0,0.0,0.0,-0.07528479632215505,-1.3515894350732585,-0.0,0.0,-0.0
-0.0,0.0,-0.0447403787060422,0.0,-0.0,-0.0,0.0,0.0,0.0,0.0,0.0,0.0,0.0,-0.0,0.0,0.0,0.0,0.0,-0.2443074515531828,0.0,0.04926742592213753,-0.0,-0.0,0.0,0.0,-0.0,-0.0,0.0,-0.0,0.0,0.0680802465564874,0.0,0.0,-0.16161952970567517,-0.2685944906662149,-0.0,-0.0,0.0,-0.0,0.0,-0.46414200512527615,0.0,-0.1623695222768126,0.0,-0.25780924583555465,-0.0,2.4290234314249375,-0.7913619691818755,-0.0,-0.0,0.0,0.0,0.069836929047483,-0.0,-0.0,-0.0,0.0,0.0,-0.0,-0.0,-0.0,0.0,0.0,-0.0,-0.0,-0.0,0.0,-0.0,-0.0,-0.0,0.305279749955084,-0.0,-0.0,-0.0,0.0,0.024508704720850413,0.0,0.1566058808116666,0.0,0.0,-0.0950164225794239,-0.144194053817497,-0.0,-0.0,0.0,-0.15951793167104436,-0.014866224260271827,0.0,-0.0,0.0,-0.0,-0.0,-0.0,0.0,-0.0,0.0,-0.0,-0.15759868581082476,-0.0,-0.0
0.0,0.0,-0.0,-0.0,-0.0,0.0,-0.0,0.0,0.11304348302595744,0.0,0.0,0.0,-0.0,-0.0,-0.0,0.0,0.0,0.0,-0.0,-0.0,0.0,-0.0,-0.4007463069046551,-0.0,0.0,0.0,-0.14873795878711896,0.0,-0.0,0.0,0.027261051253056,0.0,-0.11728924961181972,0.0,-0.0,0.0,-0.0,-0.0,-0.0,-0.0,-0.3954107571701502,0.0,-0.0,0.0,-0.061274014274901714,-0.6739948139345443,-0.7913619691818755,3.089289752066221,-0.0,-0.400370206904089,0.0,0.0135200771202758,0.0,0.0,0.0,0.0,0.2486592462249728,0.0,-0.0,-0.0,-0.1571311432827176,-0.0,0.0,-0.0,-0.0,-0.0,-0.0,-0.0,0.0,0.07554448125780222,0.0576938203795346,0.0,-0.0,-0.0,-0.0583246399111112,0.1136685015628806,0.0,0.0,0.0,0.0,-0.0,-0.0,0.0,-0.0,0.18972905514600208,-0.0,-0.07807036417060982,-0.0,-0.0,0.0,-0.0,-0.0,-0.0,0.0,0.29962513151376974,0.0,-0.0,-0.5891833493816151,0.0,-0.0
-0.0,0.0,-0.0,0.0,-0.0,-0.6307257410663545,-0.0,-0.0,-0.0,-0.0,0.0,-0.0,-0.0,0.08963595208354777,0.0,0.0,0.0,-0.0,0.0,-0.0,0.0,0.0,-0.09836660332711153,0.0,0.0,0.0,-0.0,0.0,-0.1599373605088033,0.02683803154309056,-0.0,0.0,0.0,-0.0,-0.0,-0.32240384389994614,-0.23685099027324047,0.0,0.0,0.0,-0.45192475782811786,-0.12730178156427763,-0.0,-0.0,-0.0,-0.0,-0.0,-0.0,3.2994927391929374,-0.038862167389625606,0.0,-0.0,0.08522603509159393,0.08105086630700999,-0.0,-0.0,-0.0,-0.0,-0.0,-0.0,-0.0,-0.0,0.0,0.0,0.06803221682394371,0.0,-0.0,0.0,0.0,0.0,0.0,-0.0,-0.0,0.0,0.0,0.0,0.0,0.0,0.0,0.0,0.0,-0.0,-0.0,0.0,0.0,-0.0,-0.0,-0.12037858344808144,-0.15129277689606913,-0.0,-0.0,-0.0,0.0,-0.0353262701239368,0.0,-0.0,-0.0,-0.0,-1.1172279692759273,-0.6415430642948688
0.0,0.0,0.0,-0.0248064611746587,-0.0984407575780405,0.0,-0.0,0.0,0.0,-0.0,-0.0,-0.0,-0.0,-0.0,-0.03317588007156131,0.0,0.0,0.0,0.0,-0.6323265183813037,-0.0,0.0,0.0,0.0,0.0,0.0814072720867069,-0.0,0.1263013941329196,-0.0,0.0013407944047712128,0.0,-0.0,-0.0,0.0,0.0,-0.13488288533170406,-0.0,-0.0,-0.0115371153387502,0.0,-0.7600357039608867,-0.1726558853806459,0.0,-0.0,-0.019680945314600337,-0.12325657897696327,-0.0,-0.400370206904089,-0.038862167389625606,4.205979830161737,0.0,0.0,0.06199842715998661,0.0,0.0,0.0,0.0,0.0,-0.0,-0.0,-0.0,-0.0,0.0,-0.0,-0.0,-0.0,-0.0,0.0,0.15721848774902944,0.3805047429211433,-0.0,0.0,0.0,0.2506160218200317,-0.0,0.03989210693428512,0.0,0.0,-0.0,-0.0,0.0,-0.0,-0.0,0.0,0.0,-0.0,-0.0,-0.0,-0.0,0.0,-0.0,-0.0,-0.0,-0.0,0.0,-0.0,-0.0,-0.0,-0.0,-2.1677791695196245
-0.0234367083972722,-0.0,0.0,0.0,-0.0,0.0,-0.10638763626010382,0.0,-0.0,0.0,0.0,0.09343666664421825,0.3952186170728952,-0.0,-0.0,-0.0,0.0,-0.0,0.0,-0.0,-0.0,0.0769359571244307,0.0,-0.0,0.0,0.0,-0.035160567557614,0.0,-0.0,-0.0,-0.376721363981403,-0.0,0.0,0.019509865033826065,0.0,0.0,0.3640541894523005,-0.0,0.0,-0.1921121834119595,0.0,0.0743902308695656,-0.0,-0.0,0.0,-0.0,0.0,0.0,0.0,0.0,2.029427649865639,-0.0395852854479541,-0.405356649706843,-0.01186843465055024,-0.00791706514061038,0.0,-0.1955434204102976,-0.0,-0.0,0.0,0.1654896175730112,0.0,-0.0,0.0,0.0,0.0,-0.0,-0.0,0.0,-0.14485231609677413,-0.0,-0.0006893386275952283,-0.0,-0.0,0.0973725853426265,0.0,-0.0,-0.0,-0.0,-0.2950265545544636,0.0,-0.0,0.0,0.029870719790438337,-0.0,0.006816227485739621,0.0,0.005953614200618228,-0.0,-0.3831057441967841,-0.0,-0.0,0.0,-0.0,-0.0,-0.0,-0.0,-0.0,-0.0,0.0
-0.0526140079196151,-0.4199614818724236,-0.816272620347321,0.0,-0.0,-0.0,-0.017381960099758592,-0.0,-0.0,0.0,0.0,0.0,0.0,0.0,0.0,-0.0,0.0,-0.004072957250203472,-0.0,0.0,-0.0,0.0,-0.0,0.0,0.0,0.0,0.0,0.0,-0.0,-0.0,0.0,-0.0,0.0,-0.0,0.0,-0.0,0.031656669048139255,-0.0,0.0,-0.0,0.0,0.0,-0.0,0.0,0.36726343241759246,0.0,0.0,0.013520077120275824,-0.0,0.0,-0.0395852854479541,3.4054966291183244,-0.0,-0.0,-0.6858367066986594,-0.34029797125303285,-0.9007945059652688,-0.0,0.0,0.0,0.0,0.0,-0.0,0.0,0.0,0.0,-0.0,-0.0,-0.0,-0.0,-0.0,-0.0,-0.0,-0.0,0.0191281422984088,-0.0,-0.17575381577819535,0.0,0.0,-0.0,0.0,0.093509915715547,0.0,0.0,-0.0,0.13063183351073487,0.0,0.0,-0.0,-0.0,0.0,-0.0,-0.0,0.0,-0.01651634532601613,0.0,-0.0,0.0,-0.2071985612971853,0.0
-0.0,-0.2579219319264189,0.0,0.0,-0.0,0.0,-0.0,0.08275759249590414,0.0,-0.0,0.0,-0.0,0.030884810258521044,-0.0,-0.0,-0.3060448715463527,-0.0,-0.0,-0.0,0.0,-0.0,0.0015759731735426,0.0,-0.2127945132572692,-0.0,0.0,0.0,0.0,-0.0,0.025416743721898033,-0.0,0.0935248990302396,0.0,0.0,-0.0,0.0,0.0,0.0,0.0,-0.0,0.16884767752006208,-0.0,0.0335087315405488,0.1584781362788595,0.0,0.0,0.069836929047483,0.0,0.08522603509159393,0.06199842715998661,-0.405356649706843,-0.0,2.476734601330341,-0.31293498884522003,-0.11178050597765037,-0.0,-0.0909042842882752,-0.0,-0.0,0.0,0.1902802978634453,0.0,0.0,0.019895113189790245,0.0,0.0,-0.7095548507222441,-0.0,-0.0,-0.0,-0.0,-0.0,-0.0,-0.1698943888638931,-0.0,-0.0,-0.04783638655491244,0.0,-0.0,0.0,-0.018078892419683135,-0.2876692030636321,0.0,0.0,0.0,0.0,-0.0,-0.0,-0.0,-0.0,-0.1959095496121816,-0.06627963977470727,-0.1667019272961854,-0.0,0.0,0.0,0.0,0.0,-0.0,0.0
-0.0,-0.1298164211361434,0.0,-0.6279478329573371,-0.63904722585494,0.0,-0.0,0.0,-0.0,0.0,0.0,0.025465343475503072,0.0,-0.03679732360745229,-0.0,-0.0299867614251224,-0.0,0.0,-0.0,-0.0,-0.04462030061522219,0.0,0.0,0.0,0.0,0.1089283165416384,0.0,0.0044200739145176,-0.0,0.0,0.0,0.0,-0.0,0.0,0.0,-0.0,0.0,-0.0,-0.0,-0.0,0.0,0.04501531591159469,0.2115658524030991,0.1329307914126972,-0.0,0.0,-0.0,0.0,0.08105086630700999,0.0,-0.0118684346505502,-0.0,-0.31293498884522003,2.1806045012809845,-0.0,-0.0,-0.0,-0.042405151712018765,0.0,0.02349903400263436,0.0982573607404164,0.002259432277017496,0.0,-0.0,0.0,-0.0,-0.0,-0.0,0.0,-0.0,-0.0,0.0,-0.0,-0.0,0.0491904216164708,0.01997538381091992,-0.0,0.008299347468025547,-0.26941831136899835,-0.0,0.0,-0.0,-0.0,0.0,0.0,0.0,0.0,0.05426705863682956,0.0,0.0,-0.0,0.0,-0.0,0.0653004436707283,-0.0,0.0,0.0,-0.0,-0.0,0.0
-0.0,-1.1345940921868205,-0.0,0.0,-0.3632510717128913,-0.8274850943047237,-0.0,-0.0,-0.35154154556847594,-0.0,-0.0,-0.01195258862682156,-0.0,-0.0,-0.0,-0.0,-0.0,-0.0,-0.10856047840713107,0.0,-0.0,0.0106416498585262,0.0,-0.0,0.0,-0.0,0.0,0.0,-0.0,-0.0,0.0,-0.0,0.0,-0.0,0.0,-0.0,0.0,-0.0,-0.0,-0.0,0.0,0.0,-0.0,0.0,0.0,0.0,-0.0,0.0,-0.0,0.0,-0.0079170651406103,-0.6858367066986594,-0.11178050597765037,-0.0,3.7916666274498088,-0.24092157633026048,-0.0,-0.029042201625636584,-0.0,-0.0,-0.0,-0.0,-0.0,-0.0,0.0,0.0,0.0,-0.12069138388752022,-0.0,-0.0,-0.0,-0.0,-0.0,-0.0,0.0,-0.010758191578189708,-0.0,0.0,-0.0,-0.0,-0.0,-0.0,0.0,0.0,-0.0,0.0,-0.0,-0.0,-0.0,-0.2997521395003013,-0.0,-0.21090024577288216,-0.0,-0.0513194035879252,-0.01362227744716536,-0.0,-0.0,0.0,-0.0,0.0
0.0,-0.0,-0.4796788004839936,-0.0,-0.1844276123936092,-0.668762308845372,-0.0,-0.17615373069547408,-0.0,0.2212995876607452,-0.0,-0.09892662459250785,-0.0,-0.0,-0.0,0.0,0.0,-0.0,-0.0,0.0,-0.0,0.0066760110080757,-0.0,0.0,0.0,-0.0,0.0,0.0,-0.0,0.006814567304918554,0.0,0.0075103139156292,0.2904890291016149,0.0,-0.0,-0.0,0.0,0.0,0.1105625999513356,0.1805731262527097,0.0,0.0,0.0,0.0,0.0,0.0,-0.0,0.0,-0.0,0.0,0.0,-0.3402979712530328,-0.0,-0.0,-0.24092157633026048,2.820359643854036,-0.0,-0.0880157582990791,0.0,0.0,0.0,-0.2962079128817716,-0.0,0.0,0.0,0.0,-0.0,-0.0,-0.0,0.0,-0.0828046223934059,-0.0,-0.0,0.0,0.0,-0.21663586302206608,-0.0,0.0,0.0,0.0,0.0,0.0,0.0130951964942652,0.01732255932149231,0.0,0.0,-0.0,-0.0,-0.1165695112174678,-0.0,-0.0,0.0,-0.0,-0.0,0.0,0.0,0.0,0.0,-0.3440011682160666,-0.0
-0.1948968961339532,-0.0,-0.0,-0.0,-0.0,-0.0,-0.3412909163099112,-0.21206878660896555,-0.0,0.0,0.0,0.0,-0.0,0.0,0.0,-0.1083417865363069,0.0,-0.10887428877572472,-0.0,0.0,0.0,0.0,0.0,0.0,-0.0,0.0,0.0,0.0,-0.0,0.0,0.0,-0.0,0.18580208439908913,0.0,-0.0,-0.0,0.0,-0.0,-0.0,-0.0,0.0,-0.0,-0.0,0.0,0.0,0.0,0.0,0.24865924622497285,-0.0,0.0,-0.1955434204102976,-0.9007945059652688,-0.09090428428827521,-0.0,-0.0,-0.0,3.238045401810397,-0.3926398623561322,0.0,0.0,0.0,-0.0,-0.0,0.13268914470848425,0.0,0.1376083175614829,-0.12940068729364765,0.0,-0.0,-0.6239782601590762,-0.0,-0.0,0.0,-0.0366966903333761,0.0,-0.13400943461283457,-0.0,0.05803214977239379,0.0,0.0,0.0,0.0,-0.0,0.0,-0.1521363756083663,0.04565737410319879,0.0,0.0,-0.0,-0.1417031537990389,0.13307697876983932,-0.0,0.0,-0.0,-0.005082953861546527,-0.0,-0.0,0.0,-0.1657216945642836,0.0
-0.0,-0.0864236757414293,-0.0,-0.0081333033902029,-0.0195610092061038,-0.07989991008135072,-0.11428396354400358,-1.6553486480100967,-1.5270432526109727,0.07025595330849069,0.0,0.0,-0.0,0.0,0.0,-0.0,0.0577967983315325,-0.0,-0.0,0.0,0.0,0.1056660412084401,0.0,0.0,0.0,0.0,0.0,0.0,0.0,0.0,0.0,0.0,0.0,0.0,0.0,-0.0,0.0,0.0,-0.0,-0.0,-0.0,0.1355764254369026,0.0,0.1028058374614912,-0.0,0.0,0.0,0.0,-0.0,0.0,-0.0,-0.0,-0.0,-0.042405151712018765,-0.029042201625636584,-0.0880157582990791,-0.3926398623561322,4.09651846282303,0.0,0.0,0.0,-0.0,-0.0,0.0,-0.0,0.0,-0.0,0.0,0.0,-0.1659685484474788,-0.0,0.0,0.0,0.0,0.0,0.0,0.0,0.06964595223019282,-0.0,-0.0,0.0,-0.0,-0.0732337955184964,0.0,-0.0,0.0,0.0,0.0,-0.0903031295883636,-0.0,-0.0,0.0,0.0,-0.0,-0.0,0.0,-0.0,-0.0,-0.0,0.0
-0.0,0.0,0.1225221216356667,0.0,-0.0103503490826529,0.0,0.0,0.0,-0.0,-0.37319781335066393,-0.0,0.0,0.0,0.0,-0.0,0.0541228786152944,0.0,0.015240638168904745,0.0,0.0,0.0,0.0,0.0,0.0,-0.4235315136416936,0.0,-0.0,0.0,0.0,0.0,0.0,-0.0,0.0,0.04942534989076914,0.0,0.0,-0.05112176817814169,0.0,-0.0,-0.0,0.0,0.0,0.0,0.1252298940410098,0.0,-0.0,-0.0,-0.0,-0.0,-0.0,-0.0,0.0,-0.0,0.0,-0.0,0.0,0.0,0.0,2.2716644482853536,-0.0828265999081841,-0.0,0.0,0.08376159865360655,0.27232377784247386,0.0,-0.0,-0.0,-0.0,0.0,0.14514403774119464,0.2252583366865602,-0.0,0.0,-0.0907320185557541,-0.0485980225389984,-0.0,0.0,0.0,0.0,-0.0527402267799678,-0.07710601975832553,-0.0,0.0851900447385217,0.0,0.0,0.0,-0.0,0.0,-0.0,-0.0,-0.09632775247569086,-0.769774496490511,-0.2199062676125897,-0.0001926681466706,0.06321466730845444,-0.0,-0.0,-0.0,0.0,-0.04579951209210247
0.0,-0.0,0.0,-0.0,-0.0,-0.2929743696856628,0.0,-0.0,-0.22110303998231823,-0.4092002899962764,-0.1624123163818544,-0.23003208282957188,-0.0,0.0,-0.0,-0.0,-0.0,0.0,-0.0,0.3865412447436084,0.21596344075825372,-0.0,0.0,0.0,0.0,-0.0,0.0,-0.0,-0.0,-0.0,-0.0,0.0,-0.0,-0.0,-0.0,0.0,-0.0,0.0,-0.0258970946952457,-0.0,-0.0,-0.0,-0.0936067163624533,-0.0,-0.0,-0.0,-0.0,-0.0,-0.0,-0.0,0.0,0.0,0.0,0.02349903400263436,-0.0,0.0,0.0,0.0,-0.0828265999081841,1.9108439763365297,-0.4324924477782997,-0.0,-0.0,-0.0,0.0,0.0,0.10786208227101286,-0.0,-0.0,0.0,0.0,0.0,0.0,-0.0,-0.0,-0.0,0.0,-0.0,-0.0,0.0468198234141604,-0.0,-0.0,0.0,0.0,0.0,0.0,-0.0,-0.0,0.0,0.0,0.0,0.0,-0.0,-0.0184816611873272,0.0,-0.0,0.0,0.22471151109999632,0.0615930632064396,0.0
-0.1050177237546734,-0.0,-0.0240568625089973,-0.0,-0.0,-0.0,-0.0,-0.0,-0.0,-0.0396050952569507,0.0,-0.023728632089613507,-0.10464971782254032,0.0,0.0,-0.0,0.0,0.0,0.0,0.0,0.026731771262591783,0.0,-0.0,0.0,-0.0,0.0,0.0,-0.0,0.0,0.0,0.0189786406956188,-0.0,-0.0,0.0,0.2393949429792359,0.0,-0.0,-0.0,-0.0,-0.0,-0.0,-0.0,-0.1480209070861308,-0.1087094496882446,-0.0,-0.0,-0.0,-0.15713114328271763,-0.0,-0.0,0.1654896175730112,0.0,0.19028029786344533,0.0982573607404164,-0.0,0.0,0.0,0.0,-0.0,-0.43249244777829976,2.0907035086647427,-0.32556427673403904,-0.21132086608272468,-0.0,-0.0,0.0,0.0,-0.0,0.0,0.0,0.2042224598680704,0.0,0.0,-0.0,-0.3696542931742947,-0.2825003319599508,0.0,0.0,0.0,0.0,0.0,0.0,0.1309054359663169,0.0,-0.0,-0.0,-0.0,-0.0,-0.0,-0.0,0.4981864119857925,0.0,0.0134294338879507,-0.0,0.0,-0.0,-0.0,0.0,0.0,-0.0
-0.0,-0.2221612176651374,-0.1292518998399142,-0.0,-0.0,-0.0,-0.01830890143873988,-0.18349058572897775,-0.0,0.0,-0.0,-0.030215867755648617,-1.3432734172089,-0.0,-0.0,0.0,0.0,-0.0,-0.0,0.0,-0.0,0.0,-0.0,-0.0,0.0,-0.0,-0.0,0.0,-0.0,0.0,0.0044052874473596,0.0,0.0,-0.0,0.0,-0.0,-0.0,-0.0,0.0,0.0,-0.0,0.0,-0.0,-0.04577923082563827,-0.0,-0.0,0.0,-0.0,-0.0,-0.0,0.0,0.0,0.0,0.002259432277017496,-0.0,-0.2962079128817716,-0.0,-0.0,0.0,-0.0,-0.325564276734039,2.976335391246132,-0.5288456956664459,-0.09948068364154061,-0.1711158631764229,-0.0689892310301061,-0.0,-0.030570958550507052,0.0,0.0,-0.0,-0.0,0.0,0.0,-0.0161952567380381,-0.0,-0.0,0.0,0.11198354976633101,-0.0,0.0,0.0,0.0,-0.0,-0.0,-0.01977318595235088,-0.0,0.0,-0.0,-0.0,0.01095767379676917,0.10412116123020367,0.016241838333543,-0.0,0.15844106062463514,-0.0,-0.0,-0.0,-0.0,-0.0
-0.0,-0.0431955062212806,-0.0,0.0,-0.0,-0.0,-0.0,-0.0,-0.0,-0.0,0.0,-0.1124071658211742,-0.2333176695980183,-0.0,-0.0,-0.0,-0.0,-0.21485914741302287,0.0,-0.0,-0.0,-0.0,-0.0,-0.0,0.0,-0.0,-0.0,-0.0,-0.2778318422278178,-0.0,0.0,0.0,-0.0,-0.0,0.0,-0.0,-0.0,-0.0,0.0,-0.1092969761855956,0.0,0.0,-0.0,-0.0,-0.0,-0.0,0.0,0.0,0.0,0.0,-0.0,-0.0,0.0,0.0,-0.0,-0.0,-0.0,-0.0,0.08376159865360655,-0.0,-0.2113208660827246,-0.5288456956664459,2.709651850415302,-0.19823180129735135,-0.0,-0.0814847800632638,0.0,-0.0,-0.0,-0.0,-0.0090429756826794,-0.19801765967740423,-0.2857679922588044,-0.0,-0.0,-0.07448831715755162,-0.0,-0.4745759163562738,-0.0,0.0,0.0,0.0,0.0,-0.0,-0.06882386434492867,-0.0,-0.0,-0.0,-0.0,-0.0,0.15032446536772953,0.17749298049010878,0.0,0.0,-0.0,0.0,-0.0,0.0,-0.0,0.0
-0.0,-0.0480166191127442,-0.0,-0.0,-0.0,-0.0,0.0,0.0,0.0,-0.0,-0.0,-0.12150482859918228,-0.1399904042827796,-0.1741824064692142,-0.0,-0.0,-0.0,-0.0,-0.15571038268806658,0.0,-0.0,-0.0,-0.0,-0.0,0.07970886802223505,0.0,-0.0,0.0,0.0,-0.2379510031015656,-0.0,-0.0,-0.14786464943321995,-0.0,0.0,-0.0,-0.0,-0.113395187400326,-0.0,0.0,-0.0,-0.0,-0.0756244300268062,-0.0,-0.0,-0.0,-0.0,-0.0,0.0,-0.0,0.0,0.0,0.019895113189790245,-0.0,-0.0,0.0,0.1326891447084842,0.0,0.27232377784247386,-0.0,-0.0,-0.09948068364154061,-0.19823180129735135,2.3236435795575514,-0.5005105262906865,-0.1997031191569643,0.0,-0.1339492211199886,-0.0,0.0,-0.0106695620269882,-0.0,-0.0,0.0847728961859156,0.0,0.0,0.1391525147814295,-0.0,-0.014211408782714293,-0.0,-0.0,-0.0,-0.0,-0.0,-0.0,-0.09488134206807838,-0.0,0.0,0.0,-0.0,-0.0,0.0,0.0,0.0,-0.0,0.0,-0.25042798192664567,-0.0,0.0,0.0
0.0,-0.0,0.0,0.0,-0.0,0.0,0.0,0.0,-0.0,-0.0,-0.0,-0.0,-0.0,-0.1874983729017322,-0.0,-0.0,-0.0,-0.0,-0.2892363088369698,-0.0,-0.1268053422320136,-0.0,-0.0,-0.0,0.0,-0.0,0.0,0.0,0.0,-0.0,0.0,0.0,-0.0,0.0,0.0,-0.0,0.0024254955197246285,-0.0,-0.0,0.0,0.0,0.0,-0.0,-0.0,0.0,-0.0,-0.0,-0.0,0.06803221682394371,-0.0,0.0,0.0,0.0,0.0,0.0,0.0,0.0,-0.0,0.0,0.0,-0.0,-0.1711158631764229,-0.0,-0.5005105262906865,2.7304011849364174,-0.9137289420677992,0.0,-0.0,0.0,0.0,-0.5500527062371688,-0.0,0.0,0.0,-0.0298028504276091,0.0,0.0,0.0,0.0,-0.0,0.0,0.0635328848811794,0.0,-0.0,-0.0,-0.0,0.0,0.005223173755716393,-0.0,0.0,0.0,0.0,-0.0,0.0411299728768375,-0.0011373524026783103,0.0,-0.0,-0.0,0.0390017011419644,0.0
0.0696656443713509,-0.0,0.0,-0.0,-0.0,0.20862978281153707,0.0,0.0,0.0,-0.0,-0.0,-0.0,-0.08977131461442686,-0.027224728776261496,-2.1231343527996134,0.0,-0.0647882055368598,0.0,-0.0,-0.0,-0.33296692409780093,-0.0,-0.0,-0.0,0.3512895638161767,-0.0,-0.0,-0.0,-0.0,-0.0,0.210522694164489,0.0,0.0,0.0,0.0,-0.0,-0.0,-0.0,-0.0,0.0,0.0,0.07737949174940986,0.0,0.0,-0.0,-0.0,-0.0,-0.0,0.0,-0.0,0.0,0.0,0.0,-0.0,0.0,0.0,0.1376083175614829,0.0,-0.0,0.0,0.0,-0.06898923103010617,-0.08148478006326387,-0.19970311915696431,-0.9137289420677992,4.340619249831682,-0.0,-0.0,-0.0,0.021446377436749552,-0.0,-0.0,-0.0,0.0,-0.0003055528670101,0.0,-0.0,-0.24133392463699527,0.0,0.0,0.0,0.0,0.0,-0.0,0.0,-0.12108556343659815,0.0,0.0,-0.0,0.0,-0.0,0.0,-0.0,0.0234760932991832,0.0,0.0,-0.02202209684964113,-0.0,0.0,0.0
-0.0,-0.0,0.0,-0.0,-0.2318918443801405,0.0,-0.3877200221815372,0.0,0.0,0.0,0.0,0.17126755077953207,-0.0,-0.0,-0.0,-0.0,0.0,0.0,0.0,-0.1212353181336682,-0.0,0.0,0.0,-0.0,0.0,0.0,-0.0,0.0,-0.20247188658595028,0.0,0.0,0.0,0.0,0.07847432712533313,0.0,-0.0,-0.0,-0.0113421698248275,-0.0,-0.0,-0.0,0.0,0.0,0.0,0.0,-0.0,0.0,-0.0,-0.0,-0.0,-0.0,-0.0,-0.7095548507222441,-0.0,0.0,-0.0,-0.1294006872936476,-0.0,-0.0,0.10786208227101286,0.0,-0.0,0.0,0.0,0.0,-0.0,2.787913003888637,-0.0,0.0,-0.0,-0.0,-0.0,-0.0,-0.0,-0.0,0.0,-0.1560858679872693,0.0061071904279452255,0.0,-0.0,0.0,-0.0085698955788182,0.0,0.0,-0.0,0.0,-0.14541959375466226,-0.0,-0.3310744030400256,-0.42544076962984,-0.0,-0.0,-0.1755201808955088,0.0,0.0,-0.0,-0.04770088684656341,-0.03538083753378905,-0.0,-0.13841706604023984
-0.0,-0.0,-0.2498818263205053,-0.0,0.0,-0.0,-0.0,0.0,0.0,-0.0,-0.0,-0.0,-0.0,-0.3077098962643149,-0.0,-0.0,-0.3830419608953893,-0.0,-0.6258981421183011,0.0,-0.0,-0.0,-0.34363277295422623,-0.1550306100020183,0.0,0.0,-0.0,-0.0,-0.0,-0.2029901933337416,-0.0,-0.0,0.0,-0.0,-0.0,0.04475678242762342,0.0,-0.0,-0.0,0.0,0.0,0.0,-0.0,0.0,0.25461143057000474,-0.0,-0.0,-0.0,0.0,0.0,-0.0,-0.0,-0.0,-0.0,-0.12069138388752022,-0.0,0.0,0.0,-0.0,-0.0,-0.0,-0.030570958550507052,-0.0,-0.1339492211199886,-0.0,-0.0,-0.0,3.396542761456214,-0.5909422696556358,0.0,-0.0,-0.3334745336726056,-0.0,-0.1264969672612587,-0.3607173636882364,-0.0,-0.0,-0.0,0.0,-0.0,-0.2312739271695086,0.0,0.0,-0.0,-0.0,-0.0,0.0,0.0,0.0,-0.0,0.0,-0.09761545110329455,0.0,-0.0,-0.0,0.0,-0.0,0.0,0.0,0.0
0.0,-0.0,-0.2353673972848905,0.0,0.0,-0.0,0.0,0.0,0.11902576022549954,-0.0,-0.0177443297698476,-0.08176541316101671,0.0,-0.0,-0.0,-0.0,-0.0,-0.03501866890573445,-0.2064477352019326,0.0,0.0,-0.0,-0.0,-0.0,0.0,-0.0,0.0,0.0,0.0,-0.0,-0.0,0.0,0.0553792480224378,-0.8652348401511014,-0.0,0.0,-0.0,0.148884727360146,0.0,0.0,-0.0,-0.0,0.0,0.32249312737833696,0.0,0.0,-0.0,0.0,0.0,0.15721848774902944,0.0,-0.0,-0.0,0.0,-0.0,-0.0,-0.0,0.0,0.0,-0.0,0.0,0.0,-0.0,-0.0,0.0,-0.0,0.0,-0.5909422696556358,3.809945360242768,-0.6190616455667459,-0.0,-0.0,-0.5179320865625628,-0.0,-0.0,-0.0,-0.0,0.0,-0.17453516252561588,0.0,-0.8632237898511632,-0.0,0.0,-0.0,0.0,-0.0,-0.0,0.0,0.0,0.0,-0.0,-0.06580296244170934,0.0,-0.0,-0.0,0.1971204330378354,0.0,0.0,-0.0,0.0
-0.0,-0.0,-0.0,0.0,0.0,-0.0,-0.0,-0.0,0.0,0.1553354539589454,0.0,0.0,0.0,0.0,0.0,-0.1851286396857224,0.0,-1.3902098268162415,-0.0,0.0,0.0,0.0,-0.0,-0.0,0.06368740446092992,-0.0,0.0,0.0,0.0,0.0,0.0,0.0,0.0,-0.0,-0.0,0.0,0.0,0.0539776318485488,-0.0,-0.0,-0.0,0.0,-0.0,0.008989590560154638,-0.0,0.13898590889435344,-0.0,0.07554448125780222,0.0,0.3805047429211433,-0.1448523160967741,-0.0,-0.0,-0.0,-0.0,0.0,-0.6239782601590762,-0.1659685484474788,0.14514403774119464,0.0,0.0,0.0,-0.0,0.0,0.0,0.0214463774367495,-0.0,0.0,-0.6190616455667459,3.494821823704327,-0.0,-0.0,-0.080101910823875,-0.0,0.0,0.0,0.0,0.0,-0.07679220792514475,0.0,-0.0,-0.4672781647729428,-0.0,-0.0,-0.0,-0.0,-0.0,0.0,-0.0,-0.0,0.0,0.0,0.0250658303465884,0.0,-0.0,0.0,0.0,0.0,-0.189621640160638,0.0
0.1506450527487602,-0.0,-0.0,-0.0,-0.0,0.0,-0.0,-0.0,-0.0,0.0,-0.0,-0.0,-0.0,-0.3080308214412404,-0.038669900250815285,0.0,-0.005812775980904,-0.20131900591231056,-0.0,-0.4276964621180908,-1.727358229903179,0.0,-0.0,-0.24146479826784076,0.0,-0.0,-0.0,0.0,-0.0,-0.0,-0.0,0.0,0.0,-0.0,0.10835017815022378,-0.20463580133852377,0.0240569713973584,-0.0,0.093273286940867,0.0056517663732873,0.0,0.0,0.0,0.0,0.016186038667083825,0.0,0.30527974995508406,0.05769382037953469,0.0,-0.0,-0.0,-0.0,-0.0,-0.0,-0.0,-0.0828046223934059,-0.0,-0.0,0.2252583366865602,0.0,0.2042224598680704,-0.0,-0.00904297568267947,-0.010669562026988284,-0.5500527062371688,-0.0,-0.0,-0.0,-0.0,-0.0,3.6103468475267566,-0.0,-0.0,0.0,-0.0,-0.0,-0.07381150131344698,-0.0,0.0,-0.0,0.0,0.0,0.0,0.0,-0.0,-0.0,0.0,0.0,-0.0,-0.0,-0.0,0.0,0.0,0.0,-0.0,0.0,-0.0,0.0,-0.0,0.0
-0.0,-0.0,-0.0,0.0,-0.0,-0.0,-0.0,-0.0,0.0,-0.0,0.0,-0.0,0.0,-0.0,-0.0859731415593562,-0.0,-0.230827698672966,-0.12876465793776123,-0.0,-0.0,-0.0,-0.2100256080506528,-0.0,-0.0,0.0,-0.4227538154113255,-0.0,-0.0,-0.0,-0.11939764398629452,-0.0049197539921519,-0.0,-0.0,-0.0,-0.0,-0.0,-0.0,-0.0,-0.0,-0.0,-0.0,-0.0,-0.0768512661816532,-0.0,-0.0,-0.0,-0.0,0.0,-0.0,0.0,-0.0006893386275952,-0.0,-0.0,0.0,-0.0,-0.0,-0.0,0.0,-0.0,0.0,0.0,-0.0,-0.19801765967740423,-0.0,-0.0,-0.0,-0.0,-0.3334745336726056,-0.0,-0.0,-0.0,2.935707496493987,-0.4613815666573428,-0.0694283590448197,-0.0,-0.0,-0.030726591002017183,-0.20707913925158705,0.1187336176414673,-0.0,-0.0,-0.0,-0.0,-0.42224081485682824,-0.0,-0.16589649641229007,-0.0,-0.04169012759977599,-0.0,-0.1658074073288757,-0.0,-0.1336663319510003,-0.0,-0.0,-0.19093792946333207,-0.005572897609927031,-0.15100921751604987,-0.0,-0.0,-0.0
-0.0,-0.0,-0.0,0.0,-0.0,-0.0,-0.0,0.0,0.0,0.0,0.0,-0.0,0.0,-0.0,-0.0,0.0,-0.0,-0.0210247229838004,0.0,-0.0,-0.0,-0.0,-0.9491519855026813,-0.0,0.0,-0.0,-0.0,0.0,-0.0,-0.0,-0.0,0.0,-0.0,-0.40373486554058735,-0.0,0.0,-0.0,0.0,0.0,-0.0,-0.0,0.0,0.0,0.0,-0.0,0.0,-0.0,-0.0,-0.0,0.0,-0.0,-0.0,-0.0,-0.0,-0.0,-0.0,0.0,0.0,0.0,0.0,0.0,0.0,-0.2857679922588044,-0.0,0.0,-0.0,-0.0,-0.0,-0.5179320865625628,-0.080101910823875,-0.0,-0.4613815666573428,3.333210843308404,-0.0,0.0,-0.0,-0.0,-0.14728686722218604,-0.0,-0.0458746364592288,-0.05209110607640655,-0.0531218738566514,-0.0,-0.0,0.012251004291675836,-0.6689906393766067,-0.0,0.0,-0.0,0.0,-0.0,-0.0,0.0,0.0,-0.0,0.02039973915071984,-0.0,-0.0,-0.004385810848654,0.0
-0.1712893466592464,0.0,-0.0,0.0,-0.0,-0.0,-0.0,0.0,0.0,-0.09069843867472724,0.0,-0.0,0.0,-0.0,0.0,-0.1470699899633901,-0.0,-0.0,-0.0,0.0,0.0,-0.0,-0.1005222343727918,-0.0,-0.0,-0.0,-0.0,-0.0,-0.02233855139957216,-0.0,-0.0,0.0,-0.0,-0.0,-0.03859641423168374,0.0,-0.0,-0.0,-0.0459594381880192,-0.5083137995708563,0.0,0.0,-0.0912409066033132,0.0,0.12131676945641204,-0.0,-0.0,-0.0,0.0,0.25061602182003173,-0.0,-0.0,-0.16989438886389316,-0.0,-0.0,0.0,-0.0366966903333761,0.0,-0.09073201855575411,-0.0,-0.0,0.0,-0.0,0.08477289618591563,0.0,0.0,-0.0,-0.12649696726125872,-0.0,-0.0,0.0,-0.06942835904481975,-0.0,2.129386931212596,-0.0,-0.19234012832581304,-0.21048263768901787,-0.0,0.0,0.0,-0.48861117910423696,0.0,0.0093907206934725,-0.0,-0.0,0.0,-0.0,0.0,-0.0,-0.0957239390900865,0.06526114325414835,-0.06150997834215088,-0.1612431417784564,0.0,-0.0,0.0,0.0,0.1406856826246252,0.0,0.04130997795860788
0.0028080747145193,0.0,-0.0,0.0,-0.0,0.0034870904314380047,-0.0,-0.0,-0.0,-0.0,-0.0,-0.0,-0.0,-0.10322983945453124,-0.0,0.0,-0.0,0.0,0.0,-0.0,-0.0,-0.0,-0.0,-0.17043520739420573,-0.0,-0.0,-0.0,-0.0,-0.0,-0.0,0.2424186133084108,0.0,0.0,0.0,0.0,0.0,-0.0,0.0,-0.0,-0.0,-0.0,0.0,0.0,0.0,-0.0,-0.0,0.0,-0.05832463991111123,0.0,-0.0,0.0973725853426265,0.0191281422984088,-0.0,0.04919042161647084,0.0,0.0,0.0,0.0,-0.04859802253899844,-0.0,-0.3696542931742947,-0.01619525673803812,-0.0,0.0,-0.029802850427609166,-0.0003055528670101,-0.0,-0.3607173636882364,-0.0,0.0,-0.0,-0.0,0.0,-0.0,1.725328404308646,-0.06908756947356952,-0.015867840455697405,-0.008183929808187296,0.11379631943580457,0.112634327053851,-0.18200532494247176,0.0,0.2401105192192971,-0.0,-0.0,-0.0,-0.0,-0.0,-0.0,-0.0,0.0,-0.0,0.0,-0.0,0.0,0.0,-0.0,0.0,0.2887381870266148,-0.0
-0.0,-0.0,-0.0,0.0,0.0,-0.0,-0.0,-0.0,-0.0,-0.14726113488097703,-0.0,-0.13845001314930358,-0.0,0.0,0.0,0.0,-0.0,-0.0,0.0,0.1183647172903594,-0.0,0.0,-0.0,-0.024181212669138117,-0.5634825956838668,-0.4006053276098623,0.0,-0.0,-0.0,0.0,-0.0,-0.0,0.0,-0.0,-0.0,0.0,0.0,0.0,0.0,0.0,0.5294402292101602,-0.0,-0.0,-0.0,0.13260385677498204,0.16282740473553037,0.024508704720850413,0.1136685015628806,0.0,0.03989210693428512,0.0,-0.0,-0.0,0.01997538381091992,-0.010758191578189708,-0.21663586302206608,-0.1340094346128345,0.0,-0.0,-0.0,-0.2825003319599508,-0.0,-0.07448831715755162,0.0,0.0,0.0,0.0,-0.0,-0.0,0.0,-0.0,-0.0,-0.0,-0.192340128325813,-0.0690875694735695,2.507143460098554,-0.0,-0.0,0.25203960710066003,0.0,-0.04279319213441829,0.1158162073278493,0.058404395874965,-0.1617936601221787,-0.018579402134138664,-0.0,0.0,-0.029693360695480852,-0.0,-0.0,0.07804087347227748,-0.0,0.0,-0.0782128493382269,-0.0,-0.0,0.0,0.0,0.0,0.0
0.0,-0.0,0.0,-0.0,-0.0689531139577301,0.0,-0.0,-0.0,-0.0,-0.0,-0.1918174596930847,0.0,-0.0,-0.0,-0.0,-0.0,-0.0631687135074644,-0.0,0.0,-0.1957535803076149,-0.19842723948409155,-0.0,-0.0,-0.14193161063628376,0.0,-0.0,-0.0,-0.0,-1.7017013522414628,-0.0,-0.0,0.41873057731641,0.0,0.0,-0.0,-0.0,-0.0,-0.0,0.11525162994312,-0.1607534727916961,0.1267120357481329,0.0,0.2023259975917734,-0.0,0.0,0.0,0.0,0.0,0.0,0.0,-0.0,-0.1757538157781953,-0.04783638655491244,-0.0,-0.0,-0.0,-0.0,0.0,0.0,0.0,0.0,-0.0,-0.0,0.1391525147814295,0.0,-0.0,-0.1560858679872693,-0.0,-0.0,0.0,-0.0738115013134469,-0.030726591002017183,-0.0,-0.2104826376890178,-0.0158678404556974,-0.0,3.2201170056041644,-0.19033530831785403,0.0,0.0,-0.0,0.0587774038752767,0.1507822750165757,0.0,-0.0,0.04793527541071931,-0.0,-0.0,-0.0,-0.0,0.0,-0.0,-0.0956336776074436,0.0,0.0,0.0,0.0,0.016321373535783546,-0.0,0.0
0.0,0.0,0.0540063879522665,-0.0,0.0,0.0,0.0,0.0,-0.0,-0.05213852186609426,0.0,-0.0,-0.0,-0.0,-0.0,0.0,-0.0401678022787696,-0.0,0.0,-0.0012446591449149,-0.2512175537391452,-0.0,-0.0,-0.0,0.0,-0.0,-0.0,-0.6985980540156029,-0.04373333203119781,-0.6758113155022116,-0.0,0.0,-0.0,-0.0,0.1032322866922374,-0.0,-0.0,0.0,0.0,-0.0,0.0,0.0,0.0337187983578168,-0.0,-0.0,0.0,0.1566058808116666,0.0,0.0,0.0,-0.0,0.0,0.0,0.008299347468025547,0.0,0.0,0.0580321497723937,0.06964595223019282,0.0,-0.0,0.0,0.0,-0.4745759163562738,-0.0,0.0,-0.2413339246369952,0.0061071904279452255,-0.0,0.0,0.0,-0.0,-0.20707913925158705,-0.14728686722218604,-0.0,-0.0081839298081872,-0.0,-0.19033530831785403,2.593596208987727,0.0,-0.0,-0.0,0.1358028423309384,0.0,-0.0,0.0,-0.0,0.0,-0.0,0.0,0.0,0.0,0.0,0.0,0.0,-0.0,0.0,-0.0,0.0,0.0,0.0
0.0,-0.0,0.0264352128002023,-0.0,-0.0,0.0,0.0,0.004734587978668776,0.0,-0.0,-0.0441195011930956,-0.0,0.0,-0.0,-0.0,0.0,0.0,0.0,-0.0,-0.0,0.0,0.0,0.0,-0.0,0.0,0.0,0.0,0.0054552630622894,0.0,0.0,-0.163469617544431,0.0,-0.02438863690865031,-0.0,-0.0,0.0,-0.0,0.0,-0.0,-0.0093363764995296,-0.0,-0.0,0.0,0.0181807498512313,-0.15865815151430293,0.0,0.0,0.0,0.0,-0.0,-0.0,0.0,-0.0,-0.26941831136899835,-0.0,0.0,0.0,-0.0,0.0,-0.0,0.0,0.11198354976633101,-0.0,-0.014211408782714293,0.0,0.0,0.0,0.0,-0.17453516252561588,-0.07679220792514475,0.0,0.1187336176414673,-0.0,0.0,0.1137963194358045,0.25203960710066003,0.0,0.0,1.4244998700989877,-0.0,-0.0,-0.0,-0.006624746877079,0.12702407014631056,0.0,0.0,-0.03721177133584789,0.11367618676444004,0.0,0.0,-0.2440633348795068,0.0,0.0,0.0,0.0,0.0,0.0,-0.0,-0.0,-0.0
-0.0641754133039585,-0.0,0.0728671839796758,0.0927576114568004,0.0,-0.0,-0.0,0.02136199482813216,0.0,0.0,0.1697892766294764,0.0,0.0,-0.17815237175708964,-0.0,0.15101558606071,0.0,-0.0,0.0,-0.0,-0.0,0.045119961042767,-0.0,-0.0,-0.0,0.0,0.0,0.0,0.0,-0.04805153974866705,-0.0095369307094209,-0.6557008668993988,-0.0,-0.0,0.2828098884774292,-0.0,-0.0,-0.2505379995867388,-0.0,-0.0,0.0,0.0,0.0,-0.0,0.19173334654958088,0.0,0.0,0.0,0.0,-0.0,-0.2950265545544636,-0.0,0.0,-0.0,-0.0,0.0,0.0,-0.0,-0.05274022677996788,0.04681982341416044,0.0,-0.0,0.0,-0.0,-0.0,0.0,-0.0,-0.0,0.0,0.0,-0.0,-0.0,-0.04587463645922882,0.0,0.112634327053851,0.0,0.0,-0.0,-0.0,1.9350620287271776,0.0,0.0,-0.0,0.0,-0.0,-0.0,-0.0,0.011646295479061416,-0.04410380348916957,-0.0,-0.2707328531109438,-0.05243660161737344,0.0,0.0,0.0,-0.0,-0.0,-0.18432898189993976,-0.0,-0.0
-0.0,0.0,-0.0,0.0,0.0,-0.0,-0.0,-0.0,0.0,-0.0,-0.0,-0.0,0.0,0.0,0.0,-0.0,-0.0,-0.0,-0.0,0.0,0.0,0.0,-0.0,-0.7738433429305861,-0.0,-0.0457327354516463,-0.0,-0.0,-0.0,-0.0,-0.0,0.0,-0.0,-0.03797853269919163,-0.16857820888198202,0.0,-0.0,0.306738444464106,-0.0,-0.0,-0.0,-0.0,-0.0,0.0,0.0,0.0,-0.0950164225794239,-0.0,0.0,0.0,0.0,0.0,-0.018078892419683135,0.0,-0.0,0.0,0.0,0.0,-0.07710601975832553,-0.0,0.0,0.0,0.0,-0.0,0.0,0.0,0.0,-0.2312739271695086,-0.8632237898511632,-0.0,0.0,-0.0,-0.05209110607640655,-0.4886111791042369,-0.1820053249424717,-0.04279319213441829,-0.0,-0.0,-0.0,0.0,2.9565613735315415,-0.1856579160344306,0.0,-0.17371308854535072,-0.0,-0.0,-0.0,-0.0,0.0,-0.0,-0.0,-0.0,0.0,-0.0,-0.0,0.0,0.0,-0.0,0.0199498720659269,0.21748446312699313
-0.0023923927963935,-0.0,-0.0,0.0,-0.0,0.0,-0.0,0.0,0.0,0.13530918890012736,0.0,0.0,0.0,0.0,0.0,-0.0,0.0,-0.0,0.0,-0.0,0.139314996907505,0.0,0.0,0.0,0.0,0.0788589600883991,-0.0,0.0870451692904059,0.0,0.014017962248911995,0.0469165964806048,0.072725394095696,0.0,-0.0,-0.0,0.0,-0.009772295794840903,0.0665039355020739,-0.0,-0.0,-0.799695811859528,-0.0,0.0,0.0,-0.03774729962990196,-0.0,-0.144194053817497,-0.0,-0.0,-0.0,-0.0,0.093509915715547,-0.28766920306363214,-0.0,-0.0,0.0,0.0,-0.0,-0.0,-0.0,0.0,0.0,0.0,-0.0,0.06353288488117946,0.0,-0.008569895578818236,0.0,-0.0,-0.46727816477294287,0.0,-0.0,-0.05312187385665142,0.0,0.0,0.11581620732784936,0.058777403875276746,0.13580284233093842,-0.0,0.0,-0.18565791603443063,2.367139186099636,-0.0983886425026333,-0.0,0.0,-0.0,-0.102243776738033,-0.0,-0.0,-0.0,-0.42261707154318606,0.0,-0.0,-0.0,0.0,0.0,-0.0,-0.17476538109277945,-0.1287369214058362,-0.0
-0.0472023873754194,0.0,0.0,0.0,-0.0,-0.0,-0.0,-0.1475555245528018,-0.0,0.0,0.0372960908773725,0.0,0.0,0.0,0.0,-0.0,0.0,-0.0,-0.0,0.0,0.1990679125803516,-0.0,0.0,0.1998955187147723,0.0,0.0,-0.0,-0.0,0.0,-0.0,-0.0,-0.0,-0.0,-0.0006565080036923816,-0.08278337450277445,-0.0,-0.0,0.0,-0.0,0.0,-0.6030380733113645,-0.0,-0.0,-0.0,-0.2554847814250617,0.0,-0.0,0.0,-0.0,-0.0,0.0,0.0,0.0,-0.0,0.0,0.013095196494265209,-0.0,-0.07323379551849644,0.08519004473852172,0.0,0.1309054359663169,0.0,0.0,-0.0,0.0,0.0,0.0,0.0,0.0,-0.0,0.0,-0.0,-0.0,0.0093907206934725,0.2401105192192971,0.05840439587496509,0.1507822750165757,0.0,-0.00662474687707904,-0.0,0.0,-0.0983886425026333,2.1057206846070917,-0.1377996562635318,-0.0004493840324980282,-0.1462313344991049,-0.0,-0.0,-0.0,0.0,-0.0,-0.0,0.0,-0.1658609494071687,-0.46321551815342393,-0.021183596104709775,-0.0,-0.013672875423612733,-0.0739064153089358,-0.0
-0.0,0.0,0.0,0.0,0.0844733716871938,0.0,-0.0,0.0,0.0,0.0,0.2608176678086361,0.0,-0.0,0.10224849476570348,0.0,-0.1372059600566926,-0.0,-0.0,0.0,-0.0,0.0,-0.1847378576799132,-0.0,-0.0,0.0,-0.031107369598171,-0.0,-0.0137295628698079,-0.0,-0.04169080642172732,-0.0,-0.0,-0.1540508502111012,-0.2701616220927889,-0.3536564246459748,-0.0,-0.0,0.0,-0.0,-0.0,-0.0,0.0,-0.6047791486420238,-0.0,-0.0,-0.0,-0.0,-0.0,0.0,0.0,0.0298707197904383,0.0,0.0,0.0,0.0,0.01732255932149231,0.0,0.0,0.0,0.0,0.0,-0.0,-0.0,-0.0,-0.0,-0.0,0.0,-0.0,-0.0,-0.0,0.0,-0.42224081485682824,-0.0,-0.0,-0.0,-0.1617936601221787,0.0,-0.0,0.12702407014631056,0.0,-0.17371308854535072,-0.0,-0.1377996562635318,2.824209193567073,-0.2790118450344056,-0.47273335925044535,-0.0,-0.1262425235530276,0.0,-0.0,0.09298247618160814,-0.0,0.0,-0.0,-0.2676112855036637,-0.0,0.0,0.0,0.0,0.15602784886977547
-0.0,0.0,-0.0,0.0,0.0,-0.0,-0.07009456582129411,-0.0,-0.07051860587102123,-0.0,0.0,0.02611770851153053,-0.0,-0.0,-0.0,-0.0,-0.0,-0.0,0.0,0.0,-0.0,0.0,0.0,-0.0,-0.0,-0.0,-0.30787829117884613,-0.1632216360253427,-0.0,-0.0,-0.0,-0.0567741226917035,0.0,0.0,-0.0,-0.0,0.0,-0.0,0.0,-0.0,0.0,0.0,-0.0993271317636321,-0.2253209731718196,-0.0,-0.0,0.0,0.18972905514600208,0.0,0.0,-0.0,-0.0,0.0,0.0,-0.0,0.0,-0.1521363756083663,-0.0,0.0,0.0,-0.0,-0.0,-0.06882386434492867,-0.0,-0.0,0.0,-0.0,-0.0,0.0,-0.0,-0.0,-0.0,0.012251004291675836,-0.0,-0.0,-0.018579402134138664,-0.0,0.0,0.0,-0.0,-0.0,0.0,-0.000449384032498,-0.2790118450344056,2.324044842433244,0.0,0.0,-0.0,-0.0,-0.2827313046933671,0.0,-0.0,0.0,-0.0,-0.16071084846758227,-0.6937900645919987,-0.25706135473376923,0.0,-0.0,-0.0
0.0,0.0,0.0,0.0,-0.0,0.0,0.0,0.0,0.0,0.0,0.0970595033660214,-0.0,-0.0,-0.0,-0.0,0.0,0.0,0.0,0.0,-0.0,-0.0,-0.0,-0.04002412663507372,0.0,0.0,-0.0209654815326636,0.0,0.0,0.0,-0.0,0.0,0.0146137391378757,-0.0,-0.0,0.0,-0.0,-0.0,0.1849718590652391,0.0,0.0,-0.0,0.0,0.0,0.0,-0.10408238749464296,0.0,-0.15951793167104436,-0.0,-0.0,-0.0,0.0068162274857396,0.1306318335107348,0.0,0.0,0.0,0.0,0.0456573741031987,0.0,0.0,0.0,-0.0,-0.01977318595235088,-0.0,-0.09488134206807838,-0.0,-0.1210855634365981,0.0,-0.0,-0.0,-0.0,-0.0,-0.16589649641229007,-0.6689906393766067,0.0,-0.0,-0.0,0.04793527541071931,-0.0,0.0,-0.0,-0.0,-0.0,-0.1462313344991049,-0.47273335925044535,0.0,2.6600479243108905,-0.0,-0.0,-0.0,0.0452355842633809,0.0,0.14178180106339597,0.033624961185234,0.0,-0.0,0.0,-0.0,-1.005621184958406,-0.0,0.0
-0.0,0.0,0.0,0.0,-0.1148420217980785,0.0,0.0,-0.0,0.0,-0.0,-0.0,-0.0,-0.0687201901884856,-0.0,-0.0,0.0,-0.0,0.0,0.0,-0.0,0.17919975651041983,0.0,-0.0,0.0,0.0,-0.0,-0.0,-0.0,-0.1880876000060654,0.0014797608024673076,0.0,0.0594207614418313,-0.0,-0.0,-0.2159318971074113,-0.0,-1.6482245353029519,0.0,-0.0,-0.0642572654591901,-0.0,-0.0,0.0,0.0,-0.0,-0.0,-0.014866224260271827,-0.07807036417060982,-0.0,-0.0,0.0,0.0,-0.0,0.0,-0.0,-0.0,0.0,0.0,-0.0,-0.0,-0.0,-0.0,-0.0,-0.0,0.0,0.0,-0.14541959375466226,0.0,-0.0,-0.0,0.0,-0.0,-0.0,-0.0,-0.0,0.0,-0.0,0.0,-0.03721177133584789,-0.0,-0.0,-0.102243776738033,-0.0,-0.0,0.0,-0.0,3.060639823114028,-0.08359171962873446,-0.1620231090628627,-0.0,-0.14214818225253245,-0.06635237807427959,-0.3566211405962548,-0.0,0.0,0.0,0.0,-0.01967585554714226,-0.0,-0.22563890786771343
0.0,0.0,0.0,0.0,0.0,-0.0,-0.0,-0.0,-0.2058062096594735,-0.11260730183672187,0.0,-0.011548498553010229,-0.0,0.0,-0.0,-0.0,-0.0,-0.0,0.0,-0.0,-0.0,0.0,-0.0,-0.0,0.0,-0.0458512478165803,-0.148379935376607,-1.417528067413837,-0.0,0.0,-0.0,0.0,-0.0,0.0,-0.0,-0.0,-0.0,0.0,-0.0,-0.0965461359189475,0.0,-0.0,-0.0,-0.30041086489616337,-0.12574283476364104,-0.0,0.0,-0.0,-0.12037858344808144,-0.0,0.0059536142006182,0.0,-0.0,0.05426705863682956,-0.0,-0.0,0.0,0.0,0.0,-0.0,-0.0,0.0,-0.0,0.0,0.005223173755716393,0.0,-0.0,0.0,0.0,0.0,0.0,-0.04169012759977599,0.0,0.0,-0.0,-0.029693360695480852,-0.0,-0.0,0.11367618676444004,0.0116462954790614,-0.0,-0.0,-0.0,-0.1262425235530276,-0.0,-0.0,-0.08359171962873446,2.727684331575212,-0.0,-0.0618696290842582,-0.03357895782805952,-0.0,-0.0307822661458384,-0.0182343575695307,-0.0,-0.32454560234026447,-0.0,-0.0,-0.0,-0.0
-0.0,0.0,-0.0,0.0,-0.0157643785323003,0.0,-0.0,-0.0,-0.0,-0.0,-0.0,-0.0,-0.0,-0.0,-0.0,0.0,0.0,-0.0,-0.0,-0.2262665730280877,-0.0,0.0713899171254633,-0.0,-0.0,0.0,-0.0,-0.0,0.0,-0.0,0.0913090735674462,0.0,0.0,0.037699704222019695,0.0,0.06975522686896092,-0.6803097308308204,-0.0,0.0,0.0,-0.0,-0.0,0.0,0.0,0.0,-0.0,0.0,-0.0,-0.0,-0.15129277689606913,-0.0,-0.0,-0.0,-0.0,0.0,-0.0,-0.1165695112174678,-0.0,-0.0903031295883636,-0.0,0.0,-0.0,-0.0,-0.0,0.0,-0.0,-0.0,-0.3310744030400256,0.0,0.0,-0.0,-0.0,-0.0,-0.0,-0.0,-0.0,-0.0,-0.0,0.0,0.0,-0.0441038034891695,0.0,-0.0,-0.0,0.0,-0.0,-0.0,-0.1620231090628627,-0.0,3.1110348904360774,-0.1775969689995283,-0.006767923277947534,-0.11721627065494696,0.0,-0.0,0.0,-0.0,-0.004848709707446676,-0.10877290909185942,-0.5174694396749755,-0.8617440804748874
-0.0662441580692981,-0.0,-0.0,0.0780563457864604,0.0,-0.0,-0.0,0.0,-0.0,0.0,0.0,-0.0,0.04449496800873648,-0.0,-0.0,-0.0,0.0,-0.28428928269716247,0.0,-0.0,-0.0,0.3788772443398097,0.0,-0.42369671163736344,0.0,-0.0,-0.0,-0.0,-0.0,0.0,0.0,-0.0,0.0,0.0,0.0,-0.10076947402329312,-0.0,-0.0,0.0,-0.0,-0.0,-0.0,-0.0,-0.0,0.0,-0.0,0.0,0.0,-0.0,0.0,-0.3831057441967841,-0.0,-0.0,0.0,-0.2997521395003013,-0.0,-0.1417031537990389,-0.0,-0.0,0.0,-0.0,-0.0,-0.0,-0.0,0.0,0.0,-0.42544076962984007,-0.0,0.0,-0.0,-0.0,-0.16580740732887575,0.0,-0.0957239390900865,-0.0,-0.0,-0.0,0.0,0.0,-0.0,-0.0,-0.0,0.0,-0.0,-0.28273130469336716,0.04523558426338095,-0.0,-0.06186962908425828,-0.1775969689995283,2.625775223759577,-0.0,-0.0,0.0,-0.1919071290549328,-0.14434293023983513,-0.12148659054316768,-0.2839125748683002,0.0,-0.0,-0.0
0.0,0.0,0.3527492397361674,0.0081918698604163,-0.0185460189930044,0.0,0.0,0.0,-0.0,-0.0,-0.0,-0.1259574963525092,0.0,-0.10455400767831367,-0.12770684617571096,0.027826618316891,-0.0,-0.0,-0.0,-0.0,-0.0,0.1175892592473405,0.09505897941612154,-0.0,-0.0,-0.0,-0.1293560182896646,0.0,0.0,0.0,-0.0,0.0,-0.0,0.0,-0.0,-0.1871626421867982,-0.0,0.0,-0.0,-0.0,0.0,-0.0,0.022290596086326,0.0,-0.0,0.0,-0.0,-0.0,-0.0,-0.0,-0.0,0.0,-0.1959095496121816,-0.0,-0.0,-0.0,0.1330769787698393,-0.0,-0.09632775247569086,0.0,0.4981864119857925,0.01095767379676917,0.15032446536772953,-0.0,0.0,-0.0,-0.0,0.0,-0.0,0.0,-0.0,-0.0,-0.0,0.0652611432541483,0.0,0.07804087347227748,0.0,0.0,-0.2440633348795068,-0.2707328531109438,-0.0,-0.422617071543186,-0.0,0.09298247618160814,0.0,0.0,-0.14214818225253245,-0.03357895782805952,-0.006767923277947534,-0.0,2.1936644854160634,-0.11182149019128332,-0.2142601622213262,-0.0,0.0,-0.0,-0.0,-0.16707869950547727,-0.0,-0.015171494949779924
-0.0,0.0,0.0,0.1980582349940756,-0.0,-0.0,0.0,0.0,-0.0,-0.0,-0.0247121020968227,0.0,0.22315413567310305,0.0,0.0,0.0,-0.0,-0.0,-0.0,0.0,0.0,0.0,0.0,0.0,-0.25230034494782466,-0.0,-0.0,-0.0,0.0,-0.0,-0.0,-0.3721214172786599,0.0,-0.0,-0.0,-0.0,-0.0,-0.0,-0.0,-0.0,0.0,0.0,-0.0,0.0,0.0,0.0,-0.0,-0.0,-0.0,-0.0,-0.0,-0.0,-0.06627963977470727,0.0,-0.21090024577288216,0.0,-0.0,0.0,-0.769774496490511,0.0,0.0,0.10412116123020367,0.17749298049010878,0.0,0.0,0.0,-0.0,-0.09761545110329455,-0.06580296244170934,0.0,0.0,-0.1336663319510003,-0.0,-0.0615099783421508,-0.0,-0.0,-0.0,0.0,0.0,-0.0524366016173734,-0.0,0.0,-0.0,-0.0,-0.0,0.14178180106339597,-0.06635237807427959,-0.0,-0.11721627065494696,-0.0,-0.11182149019128332,2.177131057112528,-0.1933094480772205,-0.3461977808471874,-0.0,-0.0,0.0,-0.0,-0.0,-0.02173187642125348
0.0130677028258347,-0.0,0.0338223213057474,-0.0,-0.3135005027968084,-0.0,0.0,0.0,-0.004603356136299843,-0.07807843460567272,-0.0,0.0,-0.0,-0.0,-0.036010342276359776,-0.0,-0.0,0.23944262203917277,-0.0,0.0,0.0,-0.0,0.0,0.13758171323434842,0.0,-0.0,-0.0,-0.2067707254319517,-0.0,-0.0,0.0,0.0114911515668535,0.0,0.0,-0.0,-0.0,-0.0,-0.0,-0.4360790075977389,-0.0253391154651695,0.04676439089924709,0.3794233552764728,0.0,0.0007391483222432478,-0.0,-0.0,-0.0,-0.0,0.0,-0.0,0.0,-0.0,-0.1667019272961854,-0.0,-0.0,-0.0,0.0,0.0,-0.2199062676125897,-0.0,0.0134294338879507,0.016241838333543025,0.0,0.0,-0.0,-0.0,-0.17552018089550883,0.0,0.0,0.025065830346588425,0.0,-0.0,0.0,-0.1612431417784564,0.0,0.0,-0.09563367760744361,0.0,0.0,0.0,0.0,-0.0,0.0,0.0,0.0,0.03362496118523403,-0.3566211405962548,-0.030782266145838427,0.0,0.0,-0.21426016222132624,-0.19330944807722053,1.8988538720246328,0.0899047010095617,-0.0,0.0,-0.0,0.0,-0.0,-0.0
-0.0967712759459711,-0.0,-0.0,0.0,-0.0,-0.14731420701787523,-0.0,-0.0,-0.0,-0.0,-0.0,-0.0,0.0,0.0,-0.0,0.0,0.0,-0.0,0.0,0.0,0.03642142577185864,0.0,0.07550024918576789,-0.0,-0.1693714770082608,0.0,-0.0,0.0,0.0,0.09055025646336708,-0.0,-0.0,0.13189313087396567,0.0,-0.0,-0.0,0.0,0.0,0.0,0.0,-0.0,-0.848133222636833,-0.0,-0.0,0.0,0.0,0.0,0.0,-0.035326270123936826,-0.0,-0.0,0.0,-0.0,0.06530044367072832,-0.0513194035879252,-0.0,-0.0,-0.0,-0.0001926681466706129,-0.018481661187327247,-0.0,-0.0,0.0,0.0,0.041129972876837534,0.0234760932991832,0.0,-0.0,-0.0,0.0,0.0,-0.0,0.0,0.0,-0.0,-0.07821284933822696,0.0,0.0,0.0,0.0,-0.0,-0.0,-0.1658609494071687,-0.0,-0.0,0.0,-0.0,-0.01823435756953071,-0.0,-0.1919071290549328,-0.0,-0.34619778084718744,0.0899047010095617,2.18353830455449,-0.17462911105340695,-0.3108854758190013,0.0,-0.0,-0.0,-0.13035346462228936
-0.0,-0.0,-0.0,0.0393703551606895,-0.0,-0.0,0.0,-0.0,-0.04305541152106951,-0.0,0.0,-0.0,0.0,-0.0,-0.0,-0.0,-0.0,-0.06349680358161276,-0.0,-0.0,-0.0,-0.0,0.0,0.0,0.0,-0.0,0.0,-0.0,0.154013606381093,-0.0479349111092242,0.0,-0.0,-0.0,-0.0,-0.11577243319233152,-0.31557426786512266,0.0,-0.1268155572036853,-0.051126833420711,-0.0,-0.0,-0.04048167379599328,-0.1363162427864936,-0.0,0.0,0.0,-0.0,0.29962513151376974,0.0,0.0,-0.0,-0.0165163453260161,0.0,-0.0,-0.01362227744716536,0.0,-0.0050829538615465,-0.0,0.06321466730845444,0.0,0.0,0.15844106062463514,-0.0,-0.0,-0.0011373524026783103,0.0,0.0,-0.0,-0.0,-0.0,-0.0,-0.19093792946333207,-0.0,-0.0,0.0,-0.0,0.0,-0.0,0.0,0.0,-0.0,0.0,-0.4632155181534239,-0.2676112855036637,-0.16071084846758227,-0.0,0.0,-0.0,0.0,-0.1443429302398351,0.0,-0.0,-0.0,-0.1746291110534069,1.7745022149194432,-0.0,0.0,0.0,-0.0,0.0
-0.0,0.0,-0.0,0.0,0.0,-0.0,-0.0,0.0,-0.0,-0.0,0.0,-0.0,-0.0,0.0,-0.0,0.0,0.0,-0.0,0.024532128018442095,-0.0,0.0,0.0433327361623975,0.0,0.0,-0.0,0.0,-0.0,-0.0,0.0,0.0,-0.321746823065345,-0.0,-0.0,0.45287671982259,0.0,-0.0,0.0,-0.1302181220827126,0.0,-0.0,-0.0,-0.05144002884365293,-0.1101275324537973,-2.507419539861191,-0.0,-0.07528479632215505,0.0,0.0,-0.0,-0.0,-0.0,0.0,0.0,0.0,-0.0,0.0,-0.0,0.0,-0.0,-0.0,-0.0,-0.0,0.0,0.0,0.0,0.0,-0.0,0.0,0.1971204330378354,0.0,0.0,-0.005572897609927031,0.02039973915071984,0.0,0.0,-0.0,0.0,0.0,0.0,-0.0,0.0,0.0,-0.0211835961047097,-0.0,-0.6937900645919987,0.0,0.0,-0.32454560234026447,-0.0,-0.1214865905431676,-0.0,-0.0,0.0,-0.3108854758190013,-0.0,4.672852601692919,-0.5034744564461524,-0.0,-0.0,-0.13049105294875252
-0.0,-0.0,-0.0,-0.0,-0.0,-0.0,-0.0,-0.0,-0.0,0.0,0.0,0.181820245310292,-0.0,-0.2203079903950632,-0.0,-0.0,0.0,-0.0,-0.0,-0.0,-0.0,0.0,-0.0,0.0,0.16465577380721352,0.0,-0.0,-0.0,-0.0,-0.0,0.0,-0.0,-0.0,0.0,0.4967852789488663,-0.0,-0.0,-0.2793304758992557,-0.0,-0.0,-0.0,0.1162162715883924,-0.0,-0.0,-0.1278215483300955,-1.3515894350732585,-0.0,-0.0,-0.0,-0.0,-0.0,-0.0,0.0,0.0,-0.0,0.0,-0.0,-0.0,-0.0,0.0,-0.0,-0.0,-0.0,-0.25042798192664567,-0.0,-0.0220220968496411,-0.04770088684656341,-0.0,0.0,0.0,-0.0,-0.15100921751604987,-0.0,0.0,-0.0,0.0,0.0,-0.0,0.0,-0.0,0.0,-0.0,-0.0,0.0,-0.25706135473376923,-0.0,0.0,-0.0,-0.004848709707446676,-0.2839125748683002,-0.0,0.0,-0.0,0.0,0.0,-0.5034744564461524,3.710025434181988,-0.6450196060044472,-0.0,-0.342828157794344
-0.0,0.0,0.0,0.0,-0.0,0.0,-0.0,0.0,0.0,0.0,0.0,0.0,-0.0,-0.0,-0.0,0.0,0.0,0.0,0.0,-0.0580088347588998,0.0,0.0,-0.0,0.0,0.0,0.0,-0.0,0.0078579967536234,0.0,0.0,0.0,0.0,-0.0,0.0,0.0,-0.0,-0.0,0.0,0.0,-0.0,-0.01344759748874674,0.0,0.0,0.0,-0.11953634468330356,-0.0,-0.15759868581082476,-0.5891833493816151,-0.0,-0.0,-0.0,0.0,0.0,-0.0,0.0,0.0,0.0,-0.0,-0.0,0.22471151109999632,0.0,-0.0,0.0,-0.0,-0.0,-0.0,-0.03538083753378905,0.0,0.0,0.0,0.0,-0.0,-0.0,0.1406856826246252,0.0,0.0,0.016321373535783546,0.0,-0.0,-0.1843289818999397,-0.0,-0.1747653810927794,-0.0136728754236127,0.0,0.0,-1.005621184958406,-0.01967585554714226,-0.0,-0.10877290909185942,0.0,-0.16707869950547727,-0.0,0.0,-0.0,0.0,-0.0,-0.6450196060044472,3.1412894752815523,-0.0,-0.36028388105692727
-0.1449234492252639,-0.0,-0.0,-0.0,-0.0,-0.12506470859309307,-0.05388327646288932,-0.031079381743911626,-0.0,0.0,0.004729218962555,-0.0,-0.0,0.0,-0.0,0.0,0.0,-0.28866961627428644,0.0,-0.0,0.0,0.0874532956789868,-0.0,0.0,0.0,0.0,-0.0,0.0,-0.0,0.0,-0.0,-0.0,0.04574083545643259,-0.0,-0.0,-0.0,-0.0,-0.0,0.0,0.0,-0.0,-0.0,0.0,-0.0,-0.0,0.0,-0.0,0.0,-1.1172279692759273,-0.0,-0.0,-0.2071985612971853,-0.0,-0.0,-0.0,-0.3440011682160666,-0.1657216945642836,-0.0,0.0,0.06159306320643968,0.0,-0.0,-0.0,0.0,0.0390017011419644,0.0,-0.0,0.0,-0.0,-0.189621640160638,-0.0,-0.0,-0.00438581084865403,0.0,0.2887381870266148,0.0,-0.0,0.0,-0.0,-0.0,0.019949872065926934,-0.1287369214058362,-0.0739064153089358,0.0,-0.0,-0.0,-0.0,-0.0,-0.5174694396749755,-0.0,-0.0,-0.0,-0.0,-0.0,-0.0,-0.0,-0.0,-0.0,3.0299690903644336,-0.0
0.0,0.0,0.0,-0.0,-0.0929606717474111,0.0,0.0,0.0,0.0,-0.0,-0.0581164969535966,-0.0,-0.0,-0.0,-0.0,0.2035785446682924,0.0349778859689863,0.0,0.0,-0.0,0.0,0.0,0.0,0.036424328319947366,-0.0,0.0,-0.0,0.0,-0.0,0.05727769992324552,0.0,-0.0,0.0,0.2960626598151939,0.0,-0.0,-0.19220964511087796,-0.0,-0.0,0.0,-0.0,-0.0,0.0,-0.0,-0.0,-0.0,-0.0,-0.0,-0.6415430642948688,-2.1677791695196245,0.0,0.0,0.0,0.0,0.0,-0.0,0.0,0.0,-0.04579951209210247,0.0,-0.0,-0.0,0.0,0.0,0.0,0.0,-0.13841706604023984,0.0,0.0,0.0,0.0,-0.0,0.0,0.0413099779586078,-0.0,0.0,0.0,0.0,-0.0,-0.0,0.21748446312699313,-0.0,-0.0,0.15602784886977547,-0.0,0.0,-0.22563890786771343,-0.0,-0.8617440804748874,-0.0,-0.015171494949779924,-0.02173187642125348,-0.0,-0.1303534646222893,0.0,-0.13049105294875252,-0.342828157794344,-0.36028388105692727,-0.0,4.6484741900978825
